replicate,n,folds,design,scenario,psi,estimator,estimate,se,ci_lo,ci_hi,covered
1,20000,5,stress,ccmar,0.2558505160746848,full,0.2574232654380954,0.0033984960616472064,0.2507623355556657,0.26408419532052513,1
1,20000,5,stress,ccmar,0.2558505160746848,cc,0.2554173791200332,0.007451149898061692,0.240813393676423,0.2700213645636434,1
1,20000,5,stress,ccmar,0.2558505160746848,seq,0.25352882892545414,0.007357419184618435,0.23910855230443795,0.26794910554647033,1
2,20000,5,stress,ccmar,0.2558505160746848,full,0.25693772319308167,0.0033912168960064876,0.25029106021314523,0.2635843861730181,1
2,20000,5,stress,ccmar,0.2558505160746848,cc,0.2643172789157956,0.006697015925527474,0.2511913688978706,0.2774431889337206,1
2,20000,5,stress,ccmar,0.2558505160746848,seq,0.2663318738883797,0.00656384964250319,0.25346696498913734,0.27919678278762206,1
3,20000,5,stress,ccmar,0.2558505160746848,full,0.2542442905244022,0.0034920135681556818,0.24740006969729184,0.2610885113515125,1
3,20000,5,stress,ccmar,0.2558505160746848,cc,0.23961101160270692,0.006825922030517368,0.22623245026161437,0.2529895729437995,0
3,20000,5,stress,ccmar,0.2558505160746848,seq,0.24054680258247813,0.00650352542934345,0.22780012696842458,0.2532934781965317,0
4,20000,5,stress,ccmar,0.2558505160746848,full,0.2490067963702441,0.003232798729033885,0.2426706272920708,0.2553429654484174,0
4,20000,5,stress,ccmar,0.2558505160746848,cc,0.2580314535313566,0.0059070687199583765,0.24645381158603505,0.2696090954766781,1
4,20000,5,stress,ccmar,0.2558505160746848,seq,0.2559371668975033,0.005852453954939144,0.24446656792464355,0.267407765870363,1
5,20000,5,stress,ccmar,0.2558505160746848,full,0.2498112102983836,0.003221885216956757,0.24349643131082635,0.2561259892859409,1
5,20000,5,stress,ccmar,0.2558505160746848,cc,0.2415168294089311,0.005766764900381556,0.23021417789687354,0.25281948092098866,0
5,20000,5,stress,ccmar,0.2558505160746848,seq,0.23946137277615276,0.005668376095795753,0.22835155977756533,0.2505711857747402,0
6,20000,5,stress,ccmar,0.2558505160746848,full,0.25599400230185404,0.0033962073567989142,0.2493375581984982,0.2626504464052099,1
6,20000,5,stress,ccmar,0.2558505160746848,cc,0.24256047681625487,0.005694251550016328,0.23139994885931148,0.25372100477319826,0
6,20000,5,stress,ccmar,0.2558505160746848,seq,0.24484124430362417,0.005518664950830082,0.2340248597572537,0.25565762884999466,0
7,20000,5,stress,ccmar,0.2558505160746848,full,0.259444167477532,0.0033761496499747938,0.2528270357571639,0.2660612991979001,1
7,20000,5,stress,ccmar,0.2558505160746848,cc,0.26945710811196655,0.006426674407201799,0.2568610577334857,0.2820531584904474,0
7,20000,5,stress,ccmar,0.2558505160746848,seq,0.2705060848593787,0.006239113341161922,0.258277647415238,0.2827345223035194,0
8,20000,5,stress,ccmar,0.2558505160746848,full,0.251511856738971,0.0034158020650877103,0.2448170077130815,0.25820670576486043,1
8,20000,5,stress,ccmar,0.2558505160746848,cc,0.2630601835460505,0.006781148730189003,0.2497693762610705,0.27635099083103043,1
8,20000,5,stress,ccmar,0.2558505160746848,seq,0.2631083302210659,0.006985482857374021,0.24941703540599086,0.2767996250361409,1
9,20000,5,stress,ccmar,0.2558505160746848,full,0.2558143393657874,0.0034202811890469693,0.2491107114182555,0.2625179673133193,1
9,20000,5,stress,ccmar,0.2558505160746848,cc,0.25662325769196304,0.007142719567300963,0.24262378458838363,0.27062273079554244,1
9,20000,5,stress,ccmar,0.2558505160746848,seq,0.25672087397250687,0.007009088396714654,0.24298331315048854,0.2704584347945252,1
10,20000,5,stress,ccmar,0.2558505160746848,full,0.2646955548699532,0.0034387451115389716,0.25795573829932367,0.2714353714405828,0
10,20000,5,stress,ccmar,0.2558505160746848,cc,0.2629802377110903,0.005237002517316571,0.2527159013902042,0.2732445740319764,1
10,20000,5,stress,ccmar,0.2558505160746848,seq,0.2638714125687571,0.00515577637603443,0.2537662765593872,0.27397654857812703,1
11,20000,5,stress,ccmar,0.2558505160746848,full,0.2549695022927935,0.003443586229619012,0.24822019730508219,0.26171880728050484,1
11,20000,5,stress,ccmar,0.2558505160746848,cc,0.2643353620281204,0.008753213508123091,0.24717937880320964,0.28149134525303116,1
11,20000,5,stress,ccmar,0.2558505160746848,seq,0.2618175976787946,0.00829799052849849,0.24555383509888307,0.2780813602587061,1
12,20000,5,stress,ccmar,0.2558505160746848,full,0.2645375251344516,0.0034853870300760653,0.2577062920833195,0.2713687581855837,0
12,20000,5,stress,ccmar,0.2558505160746848,cc,0.27185849768939524,0.005516726702688511,0.26104591203957533,0.28267108333921515,0
12,20000,5,stress,ccmar,0.2558505160746848,seq,0.26801089839140335,0.005567824473985235,0.25709816295015164,0.27892363383265506,0
13,20000,5,stress,ccmar,0.2558505160746848,full,0.25330779980158,0.003366459932676015,0.2467096595781379,0.25990594002502215,1
13,20000,5,stress,ccmar,0.2558505160746848,cc,0.2544221375439989,0.005760154774084368,0.2431324416414171,0.2657118334465807,1
13,20000,5,stress,ccmar,0.2558505160746848,seq,0.25453407223116215,0.005691557653731091,0.2433788242139159,0.26568932024840836,1
14,20000,5,stress,ccmar,0.2558505160746848,full,0.261145409513854,0.0032915869688323962,0.2546940176029612,0.26759680142474684,1
14,20000,5,stress,ccmar,0.2558505160746848,cc,0.2602471400078859,0.00556331291242376,0.2493432470648087,0.2711510329509631,1
14,20000,5,stress,ccmar,0.2558505160746848,seq,0.25946167991402297,0.005432826525789096,0.24881353558922248,0.27010982423882346,1
15,20000,5,stress,ccmar,0.2558505160746848,full,0.25744959471259227,0.003482502963986401,0.25062401432712494,0.2642751750980596,1
15,20000,5,stress,ccmar,0.2558505160746848,cc,0.25940384952094603,0.00582553494635803,0.2479860108354048,0.2708216882064872,1
15,20000,5,stress,ccmar,0.2558505160746848,seq,0.2607407403579914,0.005669753284463442,0.24962822811921537,0.2718532525967674,1
16,20000,5,stress,ccmar,0.2558505160746848,full,0.25493380852605124,0.003490802220261966,0.24809196189718533,0.26177565515491713,1
16,20000,5,stress,ccmar,0.2558505160746848,cc,0.26157677849686245,0.00565767408122552,0.2504879410613947,0.2726656159323302,1
16,20000,5,stress,ccmar,0.2558505160746848,seq,0.263309675353105,0.0056136758177504865,0.2523070729294306,0.2743122777767794,1
17,20000,5,stress,ccmar,0.2558505160746848,full,0.25445308871577516,0.003368819373088288,0.24785032407410132,0.261055853357449,1
17,20000,5,stress,ccmar,0.2558505160746848,cc,0.2585570532032747,0.0067582120068677715,0.2453112010699277,0.2718029053366217,1
17,20000,5,stress,ccmar,0.2558505160746848,seq,0.2584494890929039,0.006491236498052358,0.24572689934158937,0.2711720788442184,1
18,20000,5,stress,ccmar,0.2558505160746848,full,0.255527853477597,0.0033248226848157283,0.24901132076037638,0.26204438619481757,1
18,20000,5,stress,ccmar,0.2558505160746848,cc,0.25416204294107675,0.005446472192919021,0.24348715360015658,0.2648369322819969,1
18,20000,5,stress,ccmar,0.2558505160746848,seq,0.25534347834923155,0.005253176186880082,0.24504744221850314,0.26563951447996,1
19,20000,5,stress,ccmar,0.2558505160746848,full,0.2572191457596605,0.0034433655995162685,0.25047027319900445,0.2639680183203165,1
19,20000,5,stress,ccmar,0.2558505160746848,cc,0.2621347565776134,0.004880547555366918,0.25256905914425926,0.2717004540109676,1
19,20000,5,stress,ccmar,0.2558505160746848,seq,0.2618258917701204,0.004833532139173984,0.25235234285922253,0.27129944068101824,1
20,20000,5,stress,ccmar,0.2558505160746848,full,0.24668993919954474,0.00327657266404675,0.24026797478528464,0.2531119036138048,0
20,20000,5,stress,ccmar,0.2558505160746848,cc,0.2444090291846338,0.004999818107735953,0.23460956576422015,0.25420849260504746,0
20,20000,5,stress,ccmar,0.2558505160746848,seq,0.2449994339132393,0.004854567174019759,0.2354846570916302,0.2545142107348484,0
21,20000,5,stress,ccmar,0.2558505160746848,full,0.25188837014678656,0.0033491779795358618,0.24532410192908163,0.25845263836449145,1
21,20000,5,stress,ccmar,0.2558505160746848,cc,0.2504306069100101,0.00597443044484229,0.23872093840997963,0.26214027541004065,1
21,20000,5,stress,ccmar,0.2558505160746848,seq,0.24878863814905536,0.0060263947353014985,0.23697712151124262,0.2606001547868681,1
22,20000,5,stress,ccmar,0.2558505160746848,full,0.24557227968861808,0.0032768443480666767,0.23914978278346377,0.2519947765937724,0
22,20000,5,stress,ccmar,0.2558505160746848,cc,0.24357169057137085,0.005865550121723123,0.23207542358327898,0.2550679575594627,0
22,20000,5,stress,ccmar,0.2558505160746848,seq,0.2430208252271271,0.005816248550045566,0.23162118754390448,0.2544204629103497,0
23,20000,5,stress,ccmar,0.2558505160746848,full,0.26141370908173617,0.003432178502728736,0.2546867628278752,0.2681406553355971,1
23,20000,5,stress,ccmar,0.2558505160746848,cc,0.25839016802578085,0.005878532811136843,0.24686845543401564,0.26991188061754606,1
23,20000,5,stress,ccmar,0.2558505160746848,seq,0.25764437900147663,0.005878118255668587,0.24612347892349878,0.2691652790794545,1
24,20000,5,stress,ccmar,0.2558505160746848,full,0.25916211251606336,0.003287853362090208,0.25271803833991763,0.2656061866922091,1
24,20000,5,stress,ccmar,0.2558505160746848,cc,0.26589211466143636,0.006085739313068567,0.25396428478852245,0.27781994453435027,1
24,20000,5,stress,ccmar,0.2558505160746848,seq,0.26519134291059693,0.005916720353823541,0.2535947841105077,0.2767879017106862,1
25,20000,5,stress,ccmar,0.2558505160746848,full,0.24406869588551472,0.003364905855513837,0.23747360159733966,0.2506637901736898,0
25,20000,5,stress,ccmar,0.2558505160746848,cc,0.24728182458817632,0.005538606775696921,0.23642635478328083,0.2581372943930718,1
25,20000,5,stress,ccmar,0.2558505160746848,seq,0.24599422503946972,0.005475939490576922,0.23526158085641835,0.2567268692225211,1
26,20000,5,stress,ccmar,0.2558505160746848,full,0.2581792142757097,0.0033855049586885015,0.2515437464871985,0.26481468206422093,1
26,20000,5,stress,ccmar,0.2558505160746848,cc,0.2535199059613806,0.006396610129908911,0.24098278048361504,0.2660570314391461,1
26,20000,5,stress,ccmar,0.2558505160746848,seq,0.2529601505106725,0.006281468864825833,0.24064869776560416,0.26527160325574084,1
27,20000,5,stress,ccmar,0.2558505160746848,full,0.2547169461899235,0.00343281476291371,0.24798875288901526,0.2614451394908318,1
27,20000,5,stress,ccmar,0.2558505160746848,cc,0.25291590185162216,0.005578938387745589,0.24198138353967286,0.26385042016357146,1
27,20000,5,stress,ccmar,0.2558505160746848,seq,0.2528076408109318,0.005429789587537339,0.24216544877572804,0.2634498328461356,1
28,20000,5,stress,ccmar,0.2558505160746848,full,0.24880987774283073,0.003370042267172223,0.24220471627279547,0.255415039212866,0
28,20000,5,stress,ccmar,0.2558505160746848,cc,0.25265760547583693,0.005782408869943656,0.24132429234686242,0.26399091860481144,1
28,20000,5,stress,ccmar,0.2558505160746848,seq,0.2532025760549966,0.00573750319673338,0.2419572764282157,0.2644478756817774,1
29,20000,5,stress,ccmar,0.2558505160746848,full,0.2556788054261437,0.0034682440579470197,0.24888117198297247,0.2624764388693149,1
29,20000,5,stress,ccmar,0.2558505160746848,cc,0.2512123318934683,0.006705000864009534,0.23807077168369967,0.26435389210323695,1
29,20000,5,stress,ccmar,0.2558505160746848,seq,0.25106717378179566,0.0065558630684419235,0.23821791828007324,0.2639164292835181,1
30,20000,5,stress,ccmar,0.2558505160746848,full,0.259605844569789,0.0034823330015095956,0.25278059730465496,0.2664310918349231,1
30,20000,5,stress,ccmar,0.2558505160746848,cc,0.2636978150410438,0.008835561950224434,0.2463804318354314,0.28101519824665616,1
30,20000,5,stress,ccmar,0.2558505160746848,seq,0.26507935120100146,0.00834162070214656,0.24873007505210049,0.2814286273499024,1
31,20000,5,stress,ccmar,0.2558505160746848,full,0.25686658410152774,0.00333373459264972,0.250332584365919,0.2634005838371365,1
31,20000,5,stress,ccmar,0.2558505160746848,cc,0.24707404037868447,0.006170119982963202,0.2349808274317857,0.2591672533255832,1
31,20000,5,stress,ccmar,0.2558505160746848,seq,0.24389303453646635,0.006629436993455202,0.23089957679151665,0.256886492281416,1
32,20000,5,stress,ccmar,0.2558505160746848,full,0.2554104273039803,0.0034021529359027428,0.2487423300797137,0.26207852452824687,1
32,20000,5,stress,ccmar,0.2558505160746848,cc,0.2566390248336241,0.005523877001768903,0.24581242485512797,0.2674656248121203,1
32,20000,5,stress,ccmar,0.2558505160746848,seq,0.25642883529729654,0.005390050643258755,0.24586453016166243,0.26699314043293065,1
33,20000,5,stress,ccmar,0.2558505160746848,full,0.2581015926363171,0.0033343311791123177,0.25156642361272796,0.26463676165990624,1
33,20000,5,stress,ccmar,0.2558505160746848,cc,0.25833147504412723,0.006172766958777538,0.24623307411996442,0.27042987596829005,1
33,20000,5,stress,ccmar,0.2558505160746848,seq,0.2588533445275751,0.00613534782623482,0.24682828375552873,0.2708784052996214,1
34,20000,5,stress,ccmar,0.2558505160746848,full,0.2538834765149863,0.003214216686589704,0.24758372757076277,0.26018322545920974,1
34,20000,5,stress,ccmar,0.2558505160746848,cc,0.2467387225411212,0.005859869043094821,0.23525359026253415,0.2582238548197082,1
34,20000,5,stress,ccmar,0.2558505160746848,seq,0.24551959412946409,0.0056897964656422145,0.23436779797744206,0.2566713902814861,1
35,20000,5,stress,ccmar,0.2558505160746848,full,0.26162229363906875,0.0033110801698634502,0.2551326957562116,0.2681118915219259,1
35,20000,5,stress,ccmar,0.2558505160746848,cc,0.256839297917532,0.0052320751577692075,0.24658461904389764,0.26709397679116637,1
35,20000,5,stress,ccmar,0.2558505160746848,seq,0.2598400785430448,0.005065196868202722,0.2499124751067624,0.2697676819793272,1
36,20000,5,stress,ccmar,0.2558505160746848,full,0.2539930760131172,0.0033428278483123024,0.24744125382390758,0.26054489820232685,1
36,20000,5,stress,ccmar,0.2558505160746848,cc,0.24345463039590245,0.0069075831094104635,0.22991601628124075,0.25699324451056416,1
36,20000,5,stress,ccmar,0.2558505160746848,seq,0.24462130393696888,0.007054075703092838,0.23079556961468786,0.2584470382592499,1
37,20000,5,stress,ccmar,0.2558505160746848,full,0.25349571776030705,0.0033295086492538236,0.24697000072155495,0.26002143479905915,1
37,20000,5,stress,ccmar,0.2558505160746848,cc,0.24852988010935934,0.006056283893282031,0.23665978179837655,0.2603999784203421,1
37,20000,5,stress,ccmar,0.2558505160746848,seq,0.25093316561016765,0.005940697954378459,0.2392896115765551,0.2625767196437802,1
38,20000,5,stress,ccmar,0.2558505160746848,full,0.25339474217300095,0.003414127120973456,0.24670317597725155,0.26008630836875035,1
38,20000,5,stress,ccmar,0.2558505160746848,cc,0.2646531372008201,0.005768846224808997,0.2533464063678446,0.27595986803379563,1
38,20000,5,stress,ccmar,0.2558505160746848,seq,0.2661326481796189,0.0056389251830235125,0.2550805579093769,0.2771847384498609,1
39,20000,5,stress,ccmar,0.2558505160746848,full,0.2547895188878036,0.0034033798911862687,0.24811901687537066,0.2614600209002365,1
39,20000,5,stress,ccmar,0.2558505160746848,cc,0.2489281043134502,0.006118922225285935,0.23693523712768808,0.2609209714992123,1
39,20000,5,stress,ccmar,0.2558505160746848,seq,0.250212889460911,0.0059363671756585985,0.23857782359761442,0.2618479553242076,1
40,20000,5,stress,ccmar,0.2558505160746848,full,0.25773297918992155,0.003336739072681704,0.25119309078165786,0.26427286759818525,1
40,20000,5,stress,ccmar,0.2558505160746848,cc,0.2552865835256924,0.0057785355091829705,0.24396086204430795,0.26661230500707683,1
40,20000,5,stress,ccmar,0.2558505160746848,seq,0.2570604165601874,0.0055889517258875246,0.24610627246611488,0.26801456065425994,1
41,20000,5,stress,ccmar,0.2558505160746848,full,0.2534154872247625,0.0034492482979484205,0.2466550847870475,0.26017588966247746,1
41,20000,5,stress,ccmar,0.2558505160746848,cc,0.2644107469310012,0.005747236952295748,0.2531463694938838,0.2756751243681186,1
41,20000,5,stress,ccmar,0.2558505160746848,seq,0.2612285328711266,0.005740137828626415,0.24997806946072285,0.2724789962815303,1
42,20000,5,stress,ccmar,0.2558505160746848,full,0.2549562606633591,0.0033350746505220598,0.24841963446258333,0.2614928868641348,1
42,20000,5,stress,ccmar,0.2558505160746848,cc,0.261591914914097,0.005383828338426801,0.25103980527183434,0.27214402455635966,1
42,20000,5,stress,ccmar,0.2558505160746848,seq,0.26020531884287784,0.005280603074876481,0.24985552699946847,0.27055511068628724,1
43,20000,5,stress,ccmar,0.2558505160746848,full,0.24749720874465642,0.003339123620675397,0.24095264670820565,0.2540417707811072,0
43,20000,5,stress,ccmar,0.2558505160746848,cc,0.24545436888958516,0.0074607123250981485,0.2308316414333787,0.2600770963457916,1
43,20000,5,stress,ccmar,0.2558505160746848,seq,0.2449291899134854,0.007441490925377962,0.23034413570846293,0.2595142441185078,1
44,20000,5,stress,ccmar,0.2558505160746848,full,0.25634320154484047,0.0032764546418787644,0.249921468449779,0.2627649346399019,1
44,20000,5,stress,ccmar,0.2558505160746848,cc,0.2549808953004288,0.006504881640852529,0.242231561560662,0.26773022904019556,1
44,20000,5,stress,ccmar,0.2558505160746848,seq,0.25473643540380114,0.006536930437980368,0.241924287175916,0.2675485836316863,1
45,20000,5,stress,ccmar,0.2558505160746848,full,0.2553579267807955,0.003433155431993635,0.2486290657807599,0.26208678778083105,1
45,20000,5,stress,ccmar,0.2558505160746848,cc,0.2531563453998894,0.006795903229456922,0.23983661982773438,0.2664760709720444,1
45,20000,5,stress,ccmar,0.2558505160746848,seq,0.25322039000075364,0.006832948477097227,0.23982805707742527,0.266612722924082,1
46,20000,5,stress,ccmar,0.2558505160746848,full,0.25925982746552906,0.0032743402817835203,0.2528422384401046,0.2656774164909535,1
46,20000,5,stress,ccmar,0.2558505160746848,cc,0.25630185201009037,0.005307509437603565,0.24589932466478095,0.2667043793553998,1
46,20000,5,stress,ccmar,0.2558505160746848,seq,0.2542961145381449,0.005204707013148568,0.24409507624229065,0.2644971528339991,1
47,20000,5,stress,ccmar,0.2558505160746848,full,0.2504429289556028,0.0032690081370366822,0.2440357907418425,0.25685006716936304,1
47,20000,5,stress,ccmar,0.2558505160746848,cc,0.2530237425345378,0.005351432809066949,0.24253512696308058,0.26351235810599505,1
47,20000,5,stress,ccmar,0.2558505160746848,seq,0.2505751564431793,0.005322036164372679,0.24014415723658916,0.2610061556497694,1
48,20000,5,stress,ccmar,0.2558505160746848,full,0.2618539344372037,0.003407559905649708,0.25517523974696754,0.2685326291274398,1
48,20000,5,stress,ccmar,0.2558505160746848,cc,0.24869557541370968,0.005244546898466967,0.23841645237748318,0.2589746984499362,1
48,20000,5,stress,ccmar,0.2558505160746848,seq,0.2462260578828842,0.005200825875673221,0.2360326264767007,0.2564194892890677,1
49,20000,5,stress,ccmar,0.2558505160746848,full,0.2587408853389999,0.0033761541833091497,0.2521237447334597,0.2653580259445401,1
49,20000,5,stress,ccmar,0.2558505160746848,cc,0.2624877564468219,0.005863848551877413,0.2509948244743448,0.27398068841929896,1
49,20000,5,stress,ccmar,0.2558505160746848,seq,0.26370232807347577,0.005805979621094636,0.2523228171211568,0.27508183902579475,1
50,20000,5,stress,ccmar,0.2558505160746848,full,0.2586347603461868,0.003237074141597568,0.2522902116133697,0.26497930907900397,1
50,20000,5,stress,ccmar,0.2558505160746848,cc,0.2525322251998481,0.005720544494631954,0.24132016401841055,0.2637442863812856,1
50,20000,5,stress,ccmar,0.2558505160746848,seq,0.2519857803045529,0.005591008530473898,0.2410276049475678,0.26294395566153794,1
51,20000,5,stress,ccmar,0.2558505160746848,full,0.25937213700944156,0.0034061438389482606,0.25269621775893997,0.26604805625994316,1
51,20000,5,stress,ccmar,0.2558505160746848,cc,0.2602289718382229,0.005265648209915616,0.2499084909915305,0.2705494526849153,1
51,20000,5,stress,ccmar,0.2558505160746848,seq,0.25817043763257125,0.0052040044973988295,0.24797077624228508,0.2683700990228574,1
52,20000,5,stress,ccmar,0.2558505160746848,full,0.25430613634904814,0.0032747068821201986,0.2478878288001671,0.2607244438979292,1
52,20000,5,stress,ccmar,0.2558505160746848,cc,0.2641108416984448,0.0050330358276012375,0.25424627274344663,0.27397541065344294,1
52,20000,5,stress,ccmar,0.2558505160746848,seq,0.2630154288150315,0.004943676818139677,0.25332600030027214,0.27270485732979083,1
53,20000,5,stress,ccmar,0.2558505160746848,full,0.24954425833538926,0.003471545207766968,0.24274015475746338,0.2563483619133151,1
53,20000,5,stress,ccmar,0.2558505160746848,cc,0.25424440976282675,0.005807328656545202,0.2428622547496108,0.26562656477604274,1
53,20000,5,stress,ccmar,0.2558505160746848,seq,0.2531660617840397,0.005726369869950028,0.24194258307678235,0.2643895404912971,1
54,20000,5,stress,ccmar,0.2558505160746848,full,0.25644564948440696,0.0034326226058324894,0.24971783280445725,0.26317346616435666,1
54,20000,5,stress,ccmar,0.2558505160746848,cc,0.2572081743116707,0.006362858208771347,0.24473720138374383,0.26967914723959757,1
54,20000,5,stress,ccmar,0.2558505160746848,seq,0.2573737944550838,0.006276790112282917,0.24507151189649215,0.2696760770136754,1
55,20000,5,stress,ccmar,0.2558505160746848,full,0.25508827112954363,0.003423105492824251,0.24837910764832688,0.2617974346107604,1
55,20000,5,stress,ccmar,0.2558505160746848,cc,0.2495885358145466,0.005941039673961708,0.23794431202285807,0.26123275960623515,1
55,20000,5,stress,ccmar,0.2558505160746848,seq,0.251252608266571,0.005734918898486785,0.24001237377127876,0.2624928427618632,1
56,20000,5,stress,ccmar,0.2558505160746848,full,0.2560175496956941,0.003388769982010906,0.2493756825790623,0.26265941681232596,1
56,20000,5,stress,ccmar,0.2558505160746848,cc,0.2647950031625671,0.008188172732192925,0.24874647950827602,0.28084352681685815,1
56,20000,5,stress,ccmar,0.2558505160746848,seq,0.26454058170415523,0.007913232532376057,0.24903093093940748,0.280050232468903,1
57,20000,5,stress,ccmar,0.2558505160746848,full,0.2616540593578966,0.003354287203389295,0.25507977724545,0.2682283414703432,1
57,20000,5,stress,ccmar,0.2558505160746848,cc,0.24805488120228028,0.005939162232694452,0.23641433712785867,0.2596954252767019,1
57,20000,5,stress,ccmar,0.2558505160746848,seq,0.249808666632984,0.005821670621216745,0.23839840188554426,0.26121893138042374,1
58,20000,5,stress,ccmar,0.2558505160746848,full,0.25318065500452375,0.003383309654026985,0.24654948993408418,0.2598118200749633,1
58,20000,5,stress,ccmar,0.2558505160746848,cc,0.24174000178661145,0.006854157072558797,0.22830610078001573,0.2551739027932072,0
58,20000,5,stress,ccmar,0.2558505160746848,seq,0.24293302889392912,0.00670635968661476,0.22978880544079286,0.25607725234706535,1
59,20000,5,stress,ccmar,0.2558505160746848,full,0.25297274632000216,0.0034597475262647844,0.24619176577292165,0.2597537268670827,1
59,20000,5,stress,ccmar,0.2558505160746848,cc,0.2547116122298689,0.005854730518344874,0.2432365512747254,0.2661866731850124,1
59,20000,5,stress,ccmar,0.2558505160746848,seq,0.254795235797768,0.005712996363515228,0.24359796868146988,0.2659925029140662,1
60,20000,5,stress,ccmar,0.2558505160746848,full,0.2551567969264503,0.003272548515160309,0.24874271969907608,0.2615708741538246,1
60,20000,5,stress,ccmar,0.2558505160746848,cc,0.2515004964609937,0.005663525854219514,0.24040018976121202,0.2626008031607754,1
60,20000,5,stress,ccmar,0.2558505160746848,seq,0.2510689245499375,0.005579476951774768,0.24013335067188765,0.2620044984279874,1
61,20000,5,stress,ccmar,0.2558505160746848,full,0.25517831796691787,0.003442485794274152,0.24843116979284977,0.26192546614098594,1
61,20000,5,stress,ccmar,0.2558505160746848,cc,0.24919124807835488,0.006898034200389331,0.23567134948146623,0.26271114667524353,1
61,20000,5,stress,ccmar,0.2558505160746848,seq,0.25029007945364345,0.006856848155392884,0.2368509040216135,0.2637292548856734,1
62,20000,5,stress,ccmar,0.2558505160746848,full,0.26160277771089174,0.003257282507044448,0.2552186213096123,0.26798693411217117,1
62,20000,5,stress,ccmar,0.2558505160746848,cc,0.2703295694435115,0.006095681080577015,0.25838225406433835,0.28227688482268465,0
62,20000,5,stress,ccmar,0.2558505160746848,seq,0.27047988638457915,0.006006764317088761,0.25870684465946486,0.28225292810969344,0
63,20000,5,stress,ccmar,0.2558505160746848,full,0.25646491940226007,0.0032782873118917663,0.2500395943399776,0.26289024446454257,1
63,20000,5,stress,ccmar,0.2558505160746848,cc,0.2572567351858173,0.0051544035212153505,0.2471542899224488,0.26735918044918583,1
63,20000,5,stress,ccmar,0.2558505160746848,seq,0.2580876800664573,0.005078549429180503,0.24813390609155708,0.26804145404135754,1
64,20000,5,stress,ccmar,0.2558505160746848,full,0.25745815455509363,0.0035723016373481057,0.25045657200397786,0.2644597371062094,1
64,20000,5,stress,ccmar,0.2558505160746848,cc,0.2639033739660538,0.005266878871481765,0.2535804810670146,0.274226266865093,1
64,20000,5,stress,ccmar,0.2558505160746848,seq,0.26401818198641497,0.005145818313468255,0.25393256342103054,0.2741038005517994,1
65,20000,5,stress,ccmar,0.2558505160746848,full,0.24663642510374428,0.0032707265536604806,0.24022591885529093,0.25304693135219763,0
65,20000,5,stress,ccmar,0.2558505160746848,cc,0.26924860135911666,0.021052924976532907,0.2279856266358884,0.3105115760823449,1
65,20000,5,stress,ccmar,0.2558505160746848,seq,0.270446436080954,0.02150436130379202,0.2282986624149848,0.31259420974692315,1
66,20000,5,stress,ccmar,0.2558505160746848,full,0.2634730952136324,0.0034086628008182527,0.25679223888858715,0.2701539515386776,0
66,20000,5,stress,ccmar,0.2558505160746848,cc,0.25057273842936206,0.0055192979571524374,0.2397551132133978,0.2613903636453263,1
66,20000,5,stress,ccmar,0.2558505160746848,seq,0.25057711234185936,0.005541230817503724,0.2397164995095286,0.2614377251741901,1
67,20000,5,stress,ccmar,0.2558505160746848,full,0.2545280884124885,0.003489948882704153,0.24768791429450254,0.2613682625304744,1
67,20000,5,stress,ccmar,0.2558505160746848,cc,0.2620229334688958,0.005978050130529064,0.25030617051528387,0.2737396964225078,1
67,20000,5,stress,ccmar,0.2558505160746848,seq,0.2601611939473819,0.0060290741119504035,0.2483444258278363,0.2719779620669275,1
68,20000,5,stress,ccmar,0.2558505160746848,full,0.2513911531561411,0.003373659866797196,0.24477890132113037,0.25800340499115176,1
68,20000,5,stress,ccmar,0.2558505160746848,cc,0.24631083973698786,0.00655619632273113,0.2334609310688609,0.2591607484051148,1
68,20000,5,stress,ccmar,0.2558505160746848,seq,0.2471009110579521,0.006452851811504103,0.23445355390983,0.25974826820607416,1
69,20000,5,stress,ccmar,0.2558505160746848,full,0.2594763757642627,0.0034925135082888715,0.2526311750724969,0.2663215764560285,1
69,20000,5,stress,ccmar,0.2558505160746848,cc,0.25792698717951257,0.0057915861392714586,0.24657568693317913,0.26927828742584603,1
69,20000,5,stress,ccmar,0.2558505160746848,seq,0.2580212571849593,0.005711134417515971,0.24682763941576083,0.26921487495415775,1
70,20000,5,stress,ccmar,0.2558505160746848,full,0.25881849679936214,0.0033703095037833147,0.25221281155519376,0.2654241820435305,1
70,20000,5,stress,ccmar,0.2558505160746848,cc,0.2620000062266748,0.0076517142534914115,0.24700292186983985,0.27699709058350974,1
70,20000,5,stress,ccmar,0.2558505160746848,seq,0.26272883225742993,0.007621076465478314,0.24779179686166664,0.27766586765319323,1
71,20000,5,stress,ccmar,0.2558505160746848,full,0.255034825037328,0.0033326565277128914,0.24850293827016842,0.2615667118044876,1
71,20000,5,stress,ccmar,0.2558505160746848,cc,0.24799948181669224,0.006784760280767696,0.23470159602264967,0.2612973676107348,1
71,20000,5,stress,ccmar,0.2558505160746848,seq,0.24775138154486667,0.006887469392483168,0.2342521895909777,0.26125057349875563,1
72,20000,5,stress,ccmar,0.2558505160746848,full,0.2529061316095732,0.0033878924666173155,0.2462659843915087,0.2595462788276377,1
72,20000,5,stress,ccmar,0.2558505160746848,cc,0.2483783860677845,0.007092567336330606,0.23447720953065132,0.2622795626049177,1
72,20000,5,stress,ccmar,0.2558505160746848,seq,0.2473496213468505,0.0070753174313484095,0.23348225400221917,0.26121698869148186,1
73,20000,5,stress,ccmar,0.2558505160746848,full,0.2529274766585459,0.0033301826468753225,0.24640043860873,0.25945451470836184,1
73,20000,5,stress,ccmar,0.2558505160746848,cc,0.25168553578276387,0.005348393201011368,0.2412028777336227,0.26216819383190504,1
73,20000,5,stress,ccmar,0.2558505160746848,seq,0.252873841466698,0.005041641380765049,0.2429924059374317,0.2627552769959643,1
74,20000,5,stress,ccmar,0.2558505160746848,full,0.2543313935100502,0.0033144223418834677,0.2478352450904037,0.2608275419296967,1
74,20000,5,stress,ccmar,0.2558505160746848,cc,0.2602024509314209,0.006914174373045862,0.2466509181774212,0.2737539836854206,1
74,20000,5,stress,ccmar,0.2558505160746848,seq,0.2592542166671214,0.006881129519765578,0.24576745063542546,0.2727409826988173,1
75,20000,5,stress,ccmar,0.2558505160746848,full,0.25972779991457245,0.0033341120169508597,0.2531930604409266,0.2662625393882183,1
75,20000,5,stress,ccmar,0.2558505160746848,cc,0.2619298706055197,0.005688588452376465,0.2507804421159914,0.273079299095048,1
75,20000,5,stress,ccmar,0.2558505160746848,seq,0.26103635595491614,0.005553979854393852,0.25015075546944315,0.27192195644038913,1
76,20000,5,stress,ccmar,0.2558505160746848,full,0.25278786046505075,0.0033482328358817133,0.24622544469486818,0.2593502762352333,1
76,20000,5,stress,ccmar,0.2558505160746848,cc,0.2448079643354104,0.005985637514303877,0.23307633038286296,0.25653959828795786,1
76,20000,5,stress,ccmar,0.2558505160746848,seq,0.2444962046563065,0.005931690236318051,0.23287030542567524,0.2561221038869378,1
77,20000,5,stress,ccmar,0.2558505160746848,full,0.25134178211820873,0.0032484685237852296,0.2449749008066777,0.2577086634297398,1
77,20000,5,stress,ccmar,0.2558505160746848,cc,0.2528587843262375,0.006248719841684977,0.2406115184870541,0.2651060501654209,1
77,20000,5,stress,ccmar,0.2558505160746848,seq,0.2506810949310976,0.005915218935675697,0.23908747885650386,0.2622747110056913,1
78,20000,5,stress,ccmar,0.2558505160746848,full,0.2536026045481282,0.003460534966833542,0.24682008064589298,0.2603851284503635,1
78,20000,5,stress,ccmar,0.2558505160746848,cc,0.2531380932001859,0.006060952530220048,0.24125884452894766,0.26501734187142406,1
78,20000,5,stress,ccmar,0.2558505160746848,seq,0.2542045115049779,0.005970036792350204,0.24250345440559248,0.2659055686043633,1
79,20000,5,stress,ccmar,0.2558505160746848,full,0.25492805932839185,0.0032597930949701415,0.24853898226519802,0.2613171363915857,1
79,20000,5,stress,ccmar,0.2558505160746848,cc,0.24531057213217386,0.005086440912533515,0.23534133113411712,0.25527981313023057,0
79,20000,5,stress,ccmar,0.2558505160746848,seq,0.24567795634369677,0.00489288673331027,0.2360880745659748,0.25526783812141873,0
80,20000,5,stress,ccmar,0.2558505160746848,full,0.25011455744340305,0.0034207159490760738,0.2434100773818722,0.2568190375049339,1
80,20000,5,stress,ccmar,0.2558505160746848,cc,0.24807880496386464,0.005612867616716097,0.23707778658510992,0.25907982334261936,1
80,20000,5,stress,ccmar,0.2558505160746848,seq,0.24571134280595097,0.00559087021202874,0.23475343854813682,0.2566692470637651,1
81,20000,5,stress,ccmar,0.2558505160746848,full,0.2549293611958518,0.003356495274848184,0.2483507513428705,0.2615079710488331,1
81,20000,5,stress,ccmar,0.2558505160746848,cc,0.25112788746227227,0.005438013365930253,0.24046957711760153,0.261786197806943,1
81,20000,5,stress,ccmar,0.2558505160746848,seq,0.2489805728303998,0.00529702320786913,0.23859859811770348,0.2593625475430961,1
82,20000,5,stress,ccmar,0.2558505160746848,full,0.25372885446718535,0.003342996082008259,0.24717670254599064,0.26028100638838003,1
82,20000,5,stress,ccmar,0.2558505160746848,cc,0.2514800442918633,0.006198252607236382,0.23933169241459853,0.26362839616912814,1
82,20000,5,stress,ccmar,0.2558505160746848,seq,0.25237993328649944,0.005971836252492131,0.24067534931004422,0.2640845172629547,1
83,20000,5,stress,ccmar,0.2558505160746848,full,0.25435392210223645,0.003311928719739301,0.24786266109218358,0.2608451831122893,1
83,20000,5,stress,ccmar,0.2558505160746848,cc,0.259733081021529,0.006420200631869273,0.2471497190095439,0.27231644303351404,1
83,20000,5,stress,ccmar,0.2558505160746848,seq,0.2590555257848934,0.006393059368116616,0.24652535967235842,0.2715856918974283,1
84,20000,5,stress,ccmar,0.2558505160746848,full,0.25753885340221255,0.003263271178850232,0.2511429594198785,0.2639347473845466,1
84,20000,5,stress,ccmar,0.2558505160746848,cc,0.256026864773872,0.005802281565768817,0.24465460187680443,0.26739912767093954,1
84,20000,5,stress,ccmar,0.2558505160746848,seq,0.25773096960743935,0.005504158645499694,0.2469430168970652,0.26851892231781355,1
85,20000,5,stress,ccmar,0.2558505160746848,full,0.2605021722341061,0.0035451821984811035,0.2535537428064506,0.2674506016617616,1
85,20000,5,stress,ccmar,0.2558505160746848,cc,0.25155141170466366,0.005724170919768943,0.240332242860565,0.2627705805487623,1
85,20000,5,stress,ccmar,0.2558505160746848,seq,0.25144598452998096,0.005691132826285781,0.24029156915922717,0.26260039990073475,1
86,20000,5,stress,ccmar,0.2558505160746848,full,0.25139963715685965,0.003395860402651623,0.24474387307113676,0.2580554012425825,1
86,20000,5,stress,ccmar,0.2558505160746848,cc,0.26491474500537854,0.005925606884243326,0.253300768925719,0.27652872108503807,1
86,20000,5,stress,ccmar,0.2558505160746848,seq,0.26370086010936883,0.00576900814446163,0.2523938119197058,0.2750079082990319,1
87,20000,5,stress,ccmar,0.2558505160746848,full,0.25810297049896425,0.0033695830747821143,0.2514987090294756,0.2647072319684529,1
87,20000,5,stress,ccmar,0.2558505160746848,cc,0.26059087236156087,0.006537471185497116,0.24777766428801815,0.27340408043510356,1
87,20000,5,stress,ccmar,0.2558505160746848,seq,0.26115026047900564,0.006576051750961375,0.24826143588664978,0.2740390850713615,1
88,20000,5,stress,ccmar,0.2558505160746848,full,0.2519945005131219,0.003415716233100321,0.24529981971483644,0.25868918131140733,1
88,20000,5,stress,ccmar,0.2558505160746848,cc,0.2445818629119627,0.009847600184611094,0.22528092121597498,0.26388280460795044,1
88,20000,5,stress,ccmar,0.2558505160746848,seq,0.24396508067892628,0.009766543146129235,0.22482300785905646,0.2631071534987961,1
89,20000,5,stress,ccmar,0.2558505160746848,full,0.24729441719567058,0.0033876428092391828,0.2406547592970757,0.25393407509426547,0
89,20000,5,stress,ccmar,0.2558505160746848,cc,0.248749267833896,0.01028837078827604,0.228584431629281,0.268914104038511,1
89,20000,5,stress,ccmar,0.2558505160746848,seq,0.25273752635325647,0.010857572822779599,0.23145707466108756,0.2740179780454254,1
90,20000,5,stress,ccmar,0.2558505160746848,full,0.25006668079209693,0.0035082621213042824,0.24319061338601444,0.2569427481981794,1
90,20000,5,stress,ccmar,0.2558505160746848,cc,0.25244324673376034,0.006131894545360814,0.24042495426785554,0.26446153919966514,1
90,20000,5,stress,ccmar,0.2558505160746848,seq,0.25006786666390296,0.006167536055430541,0.23797971812190688,0.26215601520589904,1
91,20000,5,stress,ccmar,0.2558505160746848,full,0.25588223823363476,0.00344267893066495,0.24913471151919658,0.26262976494807294,1
91,20000,5,stress,ccmar,0.2558505160746848,cc,0.25093619938221845,0.00588844569676443,0.2393950578916403,0.2624773408727966,1
91,20000,5,stress,ccmar,0.2558505160746848,seq,0.251339141588896,0.005840947111709429,0.23989109561434224,0.2627871875634497,1
92,20000,5,stress,ccmar,0.2558505160746848,full,0.2656289292553284,0.0033661227222670544,0.25903144995214306,0.2722264085585137,0
92,20000,5,stress,ccmar,0.2558505160746848,cc,0.2535780575998484,0.006399490088224498,0.24103528750750736,0.2661208276921895,1
92,20000,5,stress,ccmar,0.2558505160746848,seq,0.2530747561736086,0.006433592737313443,0.24046514611727576,0.2656843662299414,1
93,20000,5,stress,ccmar,0.2558505160746848,full,0.25549308114948316,0.0034078214630919347,0.24881387381608036,0.26217228848288593,1
93,20000,5,stress,ccmar,0.2558505160746848,cc,0.24519825432310796,0.006403830659464254,0.23264697686746463,0.25774953177875126,1
93,20000,5,stress,ccmar,0.2558505160746848,seq,0.24519203611649365,0.006291282371368135,0.23286134925204036,0.2575227229809469,1
94,20000,5,stress,ccmar,0.2558505160746848,full,0.2586955931629207,0.0035313850891618504,0.2517742055726217,0.26561698075321966,1
94,20000,5,stress,ccmar,0.2558505160746848,cc,0.25977458342207016,0.006255515984544009,0.2475139973876493,0.27203516945649103,1
94,20000,5,stress,ccmar,0.2558505160746848,seq,0.25810863977505777,0.006052558741827871,0.24624584262676208,0.26997143692335346,1
95,20000,5,stress,ccmar,0.2558505160746848,full,0.25798732867526475,0.0033978960496998277,0.2513275747946422,0.2646470825558873,1
95,20000,5,stress,ccmar,0.2558505160746848,cc,0.25613079611527356,0.0055808697409108566,0.2451924924206789,0.2670690998098682,1
95,20000,5,stress,ccmar,0.2558505160746848,seq,0.25698723117167444,0.005365367427533207,0.24647130424988503,0.2675031580934638,1
96,20000,5,stress,ccmar,0.2558505160746848,full,0.26092490295516757,0.0034162924375056047,0.254229092817,0.2676207130933351,1
96,20000,5,stress,ccmar,0.2558505160746848,cc,0.25399300823512294,0.008607628311752196,0.23712236675178133,0.27086364971846455,1
96,20000,5,stress,ccmar,0.2558505160746848,seq,0.2538695141664933,0.00860024547088547,0.23701334278535405,0.27072568554763254,1
97,20000,5,stress,ccmar,0.2558505160746848,full,0.25160255272394155,0.00340728169802049,0.24492440331063892,0.2582807021372442,1
97,20000,5,stress,ccmar,0.2558505160746848,cc,0.24633232185299747,0.0064767033964798154,0.23363821645734878,0.25902642724864616,1
97,20000,5,stress,ccmar,0.2558505160746848,seq,0.24525201952365888,0.006285624323637537,0.23293242222898036,0.2575716168183374,1
98,20000,5,stress,ccmar,0.2558505160746848,full,0.2589258081728132,0.0032818617193992494,0.25249347740054995,0.2653581389450764,1
98,20000,5,stress,ccmar,0.2558505160746848,cc,0.25284210893840137,0.0056599765931780455,0.24174875866243267,0.26393545921437006,1
98,20000,5,stress,ccmar,0.2558505160746848,seq,0.2538168121777938,0.00548385016369201,0.24306866336034336,0.2645649609952442,1
99,20000,5,stress,ccmar,0.2558505160746848,full,0.258703696141444,0.003355764192885427,0.25212651918277945,0.26528087310010856,1
99,20000,5,stress,ccmar,0.2558505160746848,cc,0.25929093805211356,0.005790627129038335,0.24794151743129786,0.2706403586729293,1
99,20000,5,stress,ccmar,0.2558505160746848,seq,0.25877774336566056,0.005751048974353921,0.24750589450260085,0.27004959222872027,1
100,20000,5,stress,ccmar,0.2558505160746848,full,0.2605780310889006,0.0034542084756170647,0.25380790688159816,0.26734815529620304,1
100,20000,5,stress,ccmar,0.2558505160746848,cc,0.2553534530732931,0.006170561434847757,0.2432593748965997,0.2674475312499865,1
100,20000,5,stress,ccmar,0.2558505160746848,seq,0.2552724173881015,0.0060519166563704424,0.24341087870417738,0.26713395607202567,1
101,20000,5,stress,ccmar,0.2558505160746848,full,0.2556704204566082,0.0033785191068462857,0.24904864468610904,0.26229219622710737,1
101,20000,5,stress,ccmar,0.2558505160746848,cc,0.266171193711992,0.005509357929215979,0.2553730505927885,0.2769693368311955,1
101,20000,5,stress,ccmar,0.2558505160746848,seq,0.2657437534705841,0.005288373112297403,0.25537873263367117,0.27610877430749703,1
102,20000,5,stress,ccmar,0.2558505160746848,full,0.2560311369439578,0.0032810764735490107,0.24960034522528005,0.26246192866263557,1
102,20000,5,stress,ccmar,0.2558505160746848,cc,0.2508462127461568,0.00517004019454536,0.24071312016622345,0.26097930532609015,1
102,20000,5,stress,ccmar,0.2558505160746848,seq,0.25200586885089044,0.0050861722750028815,0.24203715437271864,0.26197458332906226,1
103,20000,5,stress,ccmar,0.2558505160746848,full,0.25334382286872503,0.00332878384552882,0.2468195264191698,0.25986811931828024,1
103,20000,5,stress,ccmar,0.2558505160746848,cc,0.24871888411782783,0.005771801068264836,0.23740636189809894,0.2600314063375567,1
103,20000,5,stress,ccmar,0.2558505160746848,seq,0.24943329377786544,0.0056960571853194855,0.23826922684075866,0.26059736071497225,1
104,20000,5,stress,ccmar,0.2558505160746848,full,0.25464460492750596,0.0033379317331608603,0.2481023789476573,0.2611868309073546,1
104,20000,5,stress,ccmar,0.2558505160746848,cc,0.2562332189979208,0.0066739388722636276,0.2431525391732622,0.26931389882257933,1
104,20000,5,stress,ccmar,0.2558505160746848,seq,0.2582718902760925,0.006363304210648305,0.24580004320054974,0.27074373735163526,1
105,20000,5,stress,ccmar,0.2558505160746848,full,0.26226189868197763,0.003380344393370109,0.2556365454156303,0.26888725194832497,1
105,20000,5,stress,ccmar,0.2558505160746848,cc,0.2605118952289963,0.0059627194164905,0.24882517992275724,0.27219861053523536,1
105,20000,5,stress,ccmar,0.2558505160746848,seq,0.2624508343918591,0.005840524554112167,0.25100361661497744,0.2738980521687408,1
106,20000,5,stress,ccmar,0.2558505160746848,full,0.2617556743094293,0.003395550048836138,0.25510051850600723,0.2684108301128514,1
106,20000,5,stress,ccmar,0.2558505160746848,cc,0.24533445186220942,0.00841742509550034,0.22883660183246513,0.2618323018919537,1
106,20000,5,stress,ccmar,0.2558505160746848,seq,0.24689233770904348,0.008049248527107214,0.23111610049330125,0.2626685749247857,1
107,20000,5,stress,ccmar,0.2558505160746848,full,0.25453609449616527,0.0032757074463877914,0.24811582587735553,0.260956363114975,1
107,20000,5,stress,ccmar,0.2558505160746848,cc,0.2629559007987729,0.005996550385528226,0.2512028780116578,0.274708923585888,1
107,20000,5,stress,ccmar,0.2558505160746848,seq,0.2656247955978757,0.005856863547730914,0.25414555398195765,0.2771040372137938,1
108,20000,5,stress,ccmar,0.2558505160746848,full,0.2596714342508185,0.003305820634932878,0.25319214486700076,0.26615072363463627,1
108,20000,5,stress,ccmar,0.2558505160746848,cc,0.2637471821481493,0.005683945218166411,0.2526068542304445,0.2748875100658541,1
108,20000,5,stress,ccmar,0.2558505160746848,seq,0.26232019626630154,0.005555573917570225,0.2514314714744138,0.2732089210581893,1
109,20000,5,stress,ccmar,0.2558505160746848,full,0.25491553596391,0.0033961097392962206,0.24825928318734367,0.26157178874047626,1
109,20000,5,stress,ccmar,0.2558505160746848,cc,0.25517720996671245,0.006612667779693472,0.24221661927678478,0.2681378006566401,1
109,20000,5,stress,ccmar,0.2558505160746848,seq,0.2515410743259788,0.006435445111959372,0.23892783368205406,0.2641543149699035,1
110,20000,5,stress,ccmar,0.2558505160746848,full,0.2536383180216744,0.0034609289973040807,0.2468550218339081,0.2604216142094407,1
110,20000,5,stress,ccmar,0.2558505160746848,cc,0.2570954764489853,0.005305997737678049,0.24669591198108531,0.26749504091688525,1
110,20000,5,stress,ccmar,0.2558505160746848,seq,0.25917455917282256,0.0052389497214945634,0.24890640640187706,0.26944271194376807,1
111,20000,5,stress,ccmar,0.2558505160746848,full,0.2604456431733436,0.003257198854636086,0.25406165072777176,0.2668296356189155,1
111,20000,5,stress,ccmar,0.2558505160746848,cc,0.2561492486101493,0.0058203145750632046,0.24474164166433188,0.26755685555596675,1
111,20000,5,stress,ccmar,0.2558505160746848,seq,0.25664977552121465,0.005671389648175482,0.24553405606849743,0.2677654949739319,1
112,20000,5,stress,ccmar,0.2558505160746848,full,0.2582269214527109,0.003491979478929734,0.2513827674392557,0.26507107546616615,1
112,20000,5,stress,ccmar,0.2558505160746848,cc,0.26318292581224,0.005727581477685234,0.25195707239745824,0.2744087792270218,1
112,20000,5,stress,ccmar,0.2558505160746848,seq,0.2634724484900923,0.005616467737391905,0.252464374004473,0.2744805229757116,1
113,20000,5,stress,ccmar,0.2558505160746848,full,0.24823463606593713,0.0033940343102497167,0.24158245105555443,0.2548868210763198,0
113,20000,5,stress,ccmar,0.2558505160746848,cc,0.24603997951369552,0.005910126293735546,0.23445634483389066,0.2576236141935004,1
113,20000,5,stress,ccmar,0.2558505160746848,seq,0.24717431925780198,0.005646049524669475,0.23610826553452033,0.25824037298108365,1
114,20000,5,stress,ccmar,0.2558505160746848,full,0.2520742778187484,0.003376528074079348,0.2454564044007645,0.25869215123673234,1
114,20000,5,stress,ccmar,0.2558505160746848,cc,0.23638534922818905,0.011233155864839858,0.21436876830037804,0.25840193015600005,1
114,20000,5,stress,ccmar,0.2558505160746848,seq,0.2370020787847846,0.012007148432603127,0.21346850029985592,0.2605356572697133,1
115,20000,5,stress,ccmar,0.2558505160746848,full,0.25942386136525863,0.0033000508653267457,0.25295588052206797,0.2658918422084493,1
115,20000,5,stress,ccmar,0.2558505160746848,cc,0.26161641340382774,0.006282524262368647,0.24930289211758613,0.2739299346900694,1
115,20000,5,stress,ccmar,0.2558505160746848,seq,0.2617261364417839,0.00618210106124841,0.24960944101295016,0.27384283187061764,1
116,20000,5,stress,ccmar,0.2558505160746848,full,0.257567713241967,0.0032737950256378433,0.25115119289895044,0.2639842335849835,1
116,20000,5,stress,ccmar,0.2558505160746848,cc,0.2626271387067484,0.005834080748016856,0.25119255055773687,0.27406172685575997,1
116,20000,5,stress,ccmar,0.2558505160746848,seq,0.26418973906233223,0.005520929592158764,0.25336891590051963,0.27501056222414483,1
117,20000,5,stress,ccmar,0.2558505160746848,full,0.24936850524263,0.0032322555356920305,0.2430334008038434,0.2557036096814166,0
117,20000,5,stress,ccmar,0.2558505160746848,cc,0.260284495579378,0.00523867223911855,0.2500168866638958,0.27055210449486017,1
117,20000,5,stress,ccmar,0.2558505160746848,seq,0.2601617962340168,0.005169513462436934,0.25002973603004547,0.27029385643798814,1
118,20000,5,stress,ccmar,0.2558505160746848,full,0.25014007097545654,0.0032225020150417065,0.24382408308586703,0.256456058865046,1
118,20000,5,stress,ccmar,0.2558505160746848,cc,0.2489389772792434,0.005932568012564952,0.23731135763878175,0.2605665969197051,1
118,20000,5,stress,ccmar,0.2558505160746848,seq,0.24715990281649305,0.005933483466694123,0.2355304889189087,0.2587893167140774,1
119,20000,5,stress,ccmar,0.2558505160746848,full,0.2562999063679063,0.003319889896982797,0.24979304173718161,0.262806770998631,1
119,20000,5,stress,ccmar,0.2558505160746848,cc,0.2574200029716883,0.0061700003081762685,0.2453270245830618,0.2695129813603148,1
119,20000,5,stress,ccmar,0.2558505160746848,seq,0.25900016729865183,0.005972558119415567,0.24729416848902505,0.27070616610827863,1
120,20000,5,stress,ccmar,0.2558505160746848,full,0.25454257197263197,0.003372911961132213,0.24793178600578847,0.2611533579394755,1
120,20000,5,stress,ccmar,0.2558505160746848,cc,0.2657249836892637,0.006076336507601264,0.2538155829764194,0.2776343844021081,1
120,20000,5,stress,ccmar,0.2558505160746848,seq,0.26575620654037574,0.006056588045929652,0.2538855121011578,0.2776269009795937,1
121,20000,5,stress,ccmar,0.2558505160746848,full,0.24722361044804356,0.003459001546522739,0.24044409199439065,0.25400312890169646,0
121,20000,5,stress,ccmar,0.2558505160746848,cc,0.25324756659742487,0.006002194715187554,0.24148348112746063,0.26501165206738914,1
121,20000,5,stress,ccmar,0.2558505160746848,seq,0.2531214659654194,0.005900520253536382,0.24155665877843893,0.26468627315239984,1
122,20000,5,stress,ccmar,0.2558505160746848,full,0.2566492062085337,0.003213513294571164,0.2503508358873336,0.26294757652973383,1
122,20000,5,stress,ccmar,0.2558505160746848,cc,0.2646500762243684,0.005602976437769327,0.25366844420011403,0.2756317082486228,1
122,20000,5,stress,ccmar,0.2558505160746848,seq,0.2624563993240101,0.005638032997392879,0.25140605770547164,0.27350674094254857,1
123,20000,5,stress,ccmar,0.2558505160746848,full,0.26107431456101887,0.003354044707484729,0.2545005077318116,0.26764812139022615,1
123,20000,5,stress,ccmar,0.2558505160746848,cc,0.2633730388817825,0.005767328724658874,0.25206928229444775,0.2746767954691172,1
123,20000,5,stress,ccmar,0.2558505160746848,seq,0.264691853391178,0.005701165235198474,0.25351777486027716,0.27586593192207887,1
124,20000,5,stress,ccmar,0.2558505160746848,full,0.26103843504936847,0.0032433741348015803,0.2546815385567686,0.2673953315419683,1
124,20000,5,stress,ccmar,0.2558505160746848,cc,0.2620917399521556,0.005597282106962304,0.25112126861119904,0.2730622112931122,1
124,20000,5,stress,ccmar,0.2558505160746848,seq,0.2628759459075252,0.00548927623051736,0.2521171621945194,0.27363472962053104,1
125,20000,5,stress,ccmar,0.2558505160746848,full,0.26451217085999623,0.003381218412471921,0.2578851045476876,0.27113923717230487,0
125,20000,5,stress,ccmar,0.2558505160746848,cc,0.26074153732614985,0.006681456662543214,0.24764612290329996,0.27383695174899975,1
125,20000,5,stress,ccmar,0.2558505160746848,seq,0.26046467035140825,0.006574323295157294,0.24757923347017727,0.27335010723263925,1
126,20000,5,stress,ccmar,0.2558505160746848,full,0.25582069081745895,0.0033566351509440057,0.24924180681236754,0.2623995748225504,1
126,20000,5,stress,ccmar,0.2558505160746848,cc,0.2572112383327086,0.005209089459551201,0.24700161059974102,0.26742086606567617,1
126,20000,5,stress,ccmar,0.2558505160746848,seq,0.25716864615807933,0.005096508040035595,0.24717967395269075,0.2671576183634679,1
127,20000,5,stress,ccmar,0.2558505160746848,full,0.25501141583438575,0.003342740916919624,0.2484597640275749,0.26156306764119663,1
127,20000,5,stress,ccmar,0.2558505160746848,cc,0.25046635489653674,0.007829651992644052,0.23512051897947212,0.26581219081360136,1
127,20000,5,stress,ccmar,0.2558505160746848,seq,0.24896289646675637,0.007788262206846797,0.23369818303918222,0.26422760989433053,1
128,20000,5,stress,ccmar,0.2558505160746848,full,0.25760583575330964,0.003356304762752882,0.2510275992971737,0.26418407220944556,1
128,20000,5,stress,ccmar,0.2558505160746848,cc,0.26118210703117495,0.005247866214031652,0.2508964782559883,0.2714677358063616,1
128,20000,5,stress,ccmar,0.2558505160746848,seq,0.26206326983687683,0.005089827745405582,0.25208739076836917,0.2720391489053845,1
129,20000,5,stress,ccmar,0.2558505160746848,full,0.25852786983424425,0.003550526758623494,0.2515689652611965,0.265486774407292,1
129,20000,5,stress,ccmar,0.2558505160746848,cc,0.26386042447439784,0.006293517066987659,0.2515253576870139,0.2761954912617818,1
129,20000,5,stress,ccmar,0.2558505160746848,seq,0.2641993526128876,0.006254900394620877,0.2519399731125453,0.27645873211322985,1
130,20000,5,stress,ccmar,0.2558505160746848,full,0.2538069476728752,0.003413641980614566,0.2471163323347567,0.26049756301099375,1
130,20000,5,stress,ccmar,0.2558505160746848,cc,0.2564299151282247,0.0066325145136094206,0.24343042555461106,0.26942940470183835,1
130,20000,5,stress,ccmar,0.2558505160746848,seq,0.25938520090769246,0.006408267901662245,0.2468252266171504,0.2719451751982345,1
131,20000,5,stress,ccmar,0.2558505160746848,full,0.2618065837650234,0.0033431736437302827,0.2552540838292485,0.2683590837007983,1
131,20000,5,stress,ccmar,0.2558505160746848,cc,0.26766391284904867,0.006025454847921751,0.2558542383566498,0.27947358734144756,0
131,20000,5,stress,ccmar,0.2558505160746848,seq,0.2671160566009793,0.0059162000197941645,0.2555205176368476,0.27871159556511105,1
132,20000,5,stress,ccmar,0.2558505160746848,full,0.26040123776837437,0.003499250122941624,0.25354283355451146,0.2672596419822373,1
132,20000,5,stress,ccmar,0.2558505160746848,cc,0.24601542425254125,0.007376575156386173,0.23155760261677144,0.26047324588831106,1
132,20000,5,stress,ccmar,0.2558505160746848,seq,0.2502293673071643,0.007147755561528733,0.23622002383627208,0.26423871077805644,1
133,20000,5,stress,ccmar,0.2558505160746848,full,0.2615509211919273,0.003363434426895798,0.2549587108508494,0.2681431315330052,1
133,20000,5,stress,ccmar,0.2558505160746848,cc,0.2503501229463556,0.0065492905504263765,0.2375137493432314,0.26318649654947984,1
133,20000,5,stress,ccmar,0.2558505160746848,seq,0.24980775110635164,0.006576750999260571,0.2369175560125131,0.26269794620019016,1
134,20000,5,stress,ccmar,0.2558505160746848,full,0.25941770890331534,0.0034060762332807828,0.25274192215748714,0.26609349564914353,1
134,20000,5,stress,ccmar,0.2558505160746848,cc,0.2706196220711522,0.006788082580420721,0.25731522468944384,0.28392401945286055,0
134,20000,5,stress,ccmar,0.2558505160746848,seq,0.2718543246346716,0.0065556682038800254,0.25900545106047235,0.2847031982088708,0
135,20000,5,stress,ccmar,0.2558505160746848,full,0.2517026771095039,0.0034642982454902585,0.2449127773166377,0.2584925769023701,1
135,20000,5,stress,ccmar,0.2558505160746848,cc,0.2424626118842054,0.005747626564579913,0.23119747082104308,0.2537277529473677,0
135,20000,5,stress,ccmar,0.2558505160746848,seq,0.24262075313924156,0.0056313151475331415,0.23158357826448173,0.2536579280140014,0
136,20000,5,stress,ccmar,0.2558505160746848,full,0.2596258839372979,0.0032830092982646685,0.253191303951789,0.2660604639228068,1
136,20000,5,stress,ccmar,0.2558505160746848,cc,0.26778316321692175,0.005903846812407387,0.25621183609436166,0.27935449033948184,0
136,20000,5,stress,ccmar,0.2558505160746848,seq,0.26559950892711287,0.005868943070517654,0.25409659188158235,0.2771024259726434,1
137,20000,5,stress,ccmar,0.2558505160746848,full,0.25576569244020736,0.0033618416370915912,0.24917660390978066,0.262354780970634,1
137,20000,5,stress,ccmar,0.2558505160746848,cc,0.2503364373211202,0.005046245457939384,0.24044597796641018,0.2602268966758302,1
137,20000,5,stress,ccmar,0.2558505160746848,seq,0.2499691613726891,0.004930802768663012,0.2403049655312392,0.259633357214139,1
138,20000,5,stress,ccmar,0.2558505160746848,full,0.2537452486512412,0.003460876481018234,0.24696205539350374,0.26052844190897867,1
138,20000,5,stress,ccmar,0.2558505160746848,cc,0.24197575756485984,0.006700360499267803,0.22884329230286013,0.2551082228268595,0
138,20000,5,stress,ccmar,0.2558505160746848,seq,0.2420837936905678,0.006549845297578277,0.22924633280300533,0.25492125457813025,0
139,20000,5,stress,ccmar,0.2558505160746848,full,0.2582000784443194,0.0033364915916768434,0.2516606750899121,0.26473948179872675,1
139,20000,5,stress,ccmar,0.2558505160746848,cc,0.25762454352888015,0.006184284163471718,0.24550356929831416,0.2697455177594461,1
139,20000,5,stress,ccmar,0.2558505160746848,seq,0.2580662397226473,0.006116368883703979,0.24607837699442606,0.2700541024508686,1
140,20000,5,stress,ccmar,0.2558505160746848,full,0.2549596412216015,0.003292127287777347,0.24850719030503635,0.26141209213816663,1
140,20000,5,stress,ccmar,0.2558505160746848,cc,0.2551278993118765,0.008017275660708171,0.23941432776275895,0.2708414708609941,1
140,20000,5,stress,ccmar,0.2558505160746848,seq,0.25265359758302885,0.007059640396196091,0.23881695666268044,0.2664902385033773,1
141,20000,5,stress,ccmar,0.2558505160746848,full,0.2589510785161671,0.003218930215071752,0.2526420912258787,0.2652600658064555,1
141,20000,5,stress,ccmar,0.2558505160746848,cc,0.2566735389815909,0.0068012873418017645,0.24334326074315127,0.27000381722003053,1
141,20000,5,stress,ccmar,0.2558505160746848,seq,0.2568851874406436,0.006711436791452493,0.24373101304487965,0.27003936183640753,1
142,20000,5,stress,ccmar,0.2558505160746848,full,0.25616679598822345,0.003377532510135283,0.24954695391174514,0.26278663806470176,1
142,20000,5,stress,ccmar,0.2558505160746848,cc,0.26066003845307023,0.005107138936385098,0.25065023007371323,0.27066984683242723,1
142,20000,5,stress,ccmar,0.2558505160746848,seq,0.26081559323882203,0.005054433420668765,0.2509090857720557,0.2707221007055884,1
143,20000,5,stress,ccmar,0.2558505160746848,full,0.24460884935949428,0.003323099755847356,0.23809569352099963,0.25112200519798894,0
143,20000,5,stress,ccmar,0.2558505160746848,cc,0.24555693537848688,0.006809167118702615,0.2322112130611154,0.2589026576958584,1
143,20000,5,stress,ccmar,0.2558505160746848,seq,0.24581011568633704,0.006438633068613784,0.2331906267621854,0.25842960461048864,1
144,20000,5,stress,ccmar,0.2558505160746848,full,0.2527600099589694,0.003360319693823781,0.24617390438253414,0.2593461155354047,1
144,20000,5,stress,ccmar,0.2558505160746848,cc,0.2586939966897352,0.006082128360557324,0.2467732441536932,0.2706147492257772,1
144,20000,5,stress,ccmar,0.2558505160746848,seq,0.2579078520928148,0.006035607789653757,0.24607827820028405,0.26973742598534556,1
145,20000,5,stress,ccmar,0.2558505160746848,full,0.25690974011015444,0.0032880564051270323,0.2504652679769692,0.26335421224333966,1
145,20000,5,stress,ccmar,0.2558505160746848,cc,0.2466055991911966,0.0052571925635098325,0.23630169110692553,0.2569095072754677,1
145,20000,5,stress,ccmar,0.2558505160746848,seq,0.24595713038950198,0.005191787524200831,0.23578141382668397,0.25613284695231997,1
146,20000,5,stress,ccmar,0.2558505160746848,full,0.26110974134157866,0.0033847547063544097,0.25447574402062156,0.26774373866253576,1
146,20000,5,stress,ccmar,0.2558505160746848,cc,0.2716880921363331,0.006108061722566125,0.2597165111447558,0.2836596731279104,0
146,20000,5,stress,ccmar,0.2558505160746848,seq,0.27186178457355625,0.006290359451946688,0.25953290659792966,0.28419066254918285,0
147,20000,5,stress,ccmar,0.2558505160746848,full,0.25632990942621053,0.0033275526144409947,0.24980802614524408,0.26285179270717696,1
147,20000,5,stress,ccmar,0.2558505160746848,cc,0.2596776294178668,0.005574902811164912,0.24875102069067248,0.2706042381450611,1
147,20000,5,stress,ccmar,0.2558505160746848,seq,0.25827617379844886,0.005442715038387002,0.2476086483450958,0.26894369925180195,1
148,20000,5,stress,ccmar,0.2558505160746848,full,0.2548643339509114,0.003444891286533059,0.24811247109865076,0.26161619680317205,1
148,20000,5,stress,ccmar,0.2558505160746848,cc,0.25288526802526945,0.005740959310496553,0.2416331945399863,0.26413734151055257,1
148,20000,5,stress,ccmar,0.2558505160746848,seq,0.2526933999094056,0.005764158715211986,0.24139585642641742,0.26399094339239376,1
149,20000,5,stress,ccmar,0.2558505160746848,full,0.25425552216984,0.003414676903920306,0.24756287841931546,0.2609481659203645,1
149,20000,5,stress,ccmar,0.2558505160746848,cc,0.24658361871044904,0.008732199492107498,0.2294688222000994,0.2636984152207987,1
149,20000,5,stress,ccmar,0.2558505160746848,seq,0.24699886887840225,0.00884312032050115,0.2296666715392657,0.2643310662175388,1
150,20000,5,stress,ccmar,0.2558505160746848,full,0.2528379149969545,0.003417240228299756,0.24614024722296557,0.25953558277094346,1
150,20000,5,stress,ccmar,0.2558505160746848,cc,0.24338840501186895,0.005489985148037987,0.2326282318460547,0.2541485781776832,0
150,20000,5,stress,ccmar,0.2558505160746848,seq,0.24522169335496383,0.005395556771413944,0.23464659640645127,0.25579679030347635,0
151,20000,5,stress,ccmar,0.2558505160746848,full,0.252283372641077,0.0032697929964941004,0.24587469613104723,0.2586920491511067,1
151,20000,5,stress,ccmar,0.2558505160746848,cc,0.24600898782291916,0.006832285510668773,0.23261795428991353,0.2594000213559248,1
151,20000,5,stress,ccmar,0.2558505160746848,seq,0.24533737030919797,0.0066390162632036735,0.23232513754054307,0.2583496030778529,1
152,20000,5,stress,ccmar,0.2558505160746848,full,0.25101399835256183,0.0033561293228279794,0.2444361057523602,0.25759189095276347,1
152,20000,5,stress,ccmar,0.2558505160746848,cc,0.26832310731320397,0.006017886255807017,0.25652826698876363,0.2801179476376443,0
152,20000,5,stress,ccmar,0.2558505160746848,seq,0.2672257551236598,0.005770348456407009,0.2559160799708558,0.2785354302764638,0
153,20000,5,stress,ccmar,0.2558505160746848,full,0.2540474543249915,0.0034325662314541425,0.24731974813679297,0.26077516051319,1
153,20000,5,stress,ccmar,0.2558505160746848,cc,0.2652876890915392,0.006211434213162086,0.2531135017414016,0.2774618764416768,1
153,20000,5,stress,ccmar,0.2558505160746848,seq,0.2657193576175135,0.006091484884035247,0.25378026663243425,0.2776584486025927,1
154,20000,5,stress,ccmar,0.2558505160746848,full,0.261391185377985,0.0033213786307036233,0.25488140288278494,0.26790096787318507,1
154,20000,5,stress,ccmar,0.2558505160746848,cc,0.2555386600255644,0.00553719462652628,0.24468595798218418,0.26639136206894465,1
154,20000,5,stress,ccmar,0.2558505160746848,seq,0.256865735673846,0.0052862776371503765,0.24650482189275177,0.26722664945494023,1
155,20000,5,stress,ccmar,0.2558505160746848,full,0.2558440540661398,0.0033773318710982768,0.2492246052349479,0.2624635028973317,1
155,20000,5,stress,ccmar,0.2558505160746848,cc,0.25872803187740157,0.007836682409038672,0.24336841659740718,0.274087647157396,1
155,20000,5,stress,ccmar,0.2558505160746848,seq,0.25682770288214113,0.007858148951877178,0.2414260139513107,0.27222939181297157,1
156,20000,5,stress,ccmar,0.2558505160746848,full,0.2479350086137441,0.0033220331140601423,0.24142394335473677,0.2544460738727514,0
156,20000,5,stress,ccmar,0.2558505160746848,cc,0.2475774681356848,0.005858319079543072,0.23609537372983652,0.25905956254153306,1
156,20000,5,stress,ccmar,0.2558505160746848,seq,0.2468751493144608,0.005820325879626999,0.23546752021210549,0.25828277841681613,1
157,20000,5,stress,ccmar,0.2558505160746848,full,0.25585379692681026,0.003348861021199418,0.24929014993602938,0.26241744391759114,1
157,20000,5,stress,ccmar,0.2558505160746848,cc,0.25195258266911225,0.005346811586823765,0.2414730245268162,0.2624321408114083,1
157,20000,5,stress,ccmar,0.2558505160746848,seq,0.24975599747804772,0.005289555793182621,0.2393886586291946,0.2601233363269009,1
158,20000,5,stress,ccmar,0.2558505160746848,full,0.2560230524660198,0.003306920801637186,0.2495416067950846,0.26250449813695503,1
158,20000,5,stress,ccmar,0.2558505160746848,cc,0.249802834422476,0.0052096129351252305,0.23959218069623656,0.26001348814871544,1
158,20000,5,stress,ccmar,0.2558505160746848,seq,0.2503186777627648,0.005129155429426536,0.2402657178499807,0.2603716376755489,1
159,20000,5,stress,ccmar,0.2558505160746848,full,0.2515443399482945,0.003305704906334826,0.2450652773883609,0.25802340250822814,1
159,20000,5,stress,ccmar,0.2558505160746848,cc,0.24575796335099076,0.006281025413124567,0.2334473797552858,0.25806854694669573,1
159,20000,5,stress,ccmar,0.2558505160746848,seq,0.2467034885725759,0.006131740071877517,0.23468549886913492,0.2587214782760169,1
160,20000,5,stress,ccmar,0.2558505160746848,full,0.25289187734565655,0.00336758804278998,0.24629152606702046,0.25949222862429266,1
160,20000,5,stress,ccmar,0.2558505160746848,cc,0.24903129592980203,0.0053644746107691915,0.2385171188967149,0.25954547296288916,1
160,20000,5,stress,ccmar,0.2558505160746848,seq,0.24909398806525979,0.0051912965299164456,0.2389192338335558,0.2592687422969638,1
161,20000,5,stress,ccmar,0.2558505160746848,full,0.25672121842056883,0.0035843049177219206,0.24969610987222407,0.2637463269689136,1
161,20000,5,stress,ccmar,0.2558505160746848,cc,0.26753019156091923,0.004987569366461619,0.2577547352322592,0.27730564788957923,0
161,20000,5,stress,ccmar,0.2558505160746848,seq,0.26812831407634913,0.004944326621444269,0.25843761197051573,0.2778190161821825,0
162,20000,5,stress,ccmar,0.2558505160746848,full,0.24831878140446606,0.0033982440865022922,0.24165834538424535,0.25497921742468677,0
162,20000,5,stress,ccmar,0.2558505160746848,cc,0.24697541551206517,0.008224755572399725,0.2308551908085166,0.26309564021561377,1
162,20000,5,stress,ccmar,0.2558505160746848,seq,0.24722309621004823,0.008469595494224118,0.23062299407774625,0.26382319834235024,1
163,20000,5,stress,ccmar,0.2558505160746848,full,0.24999510831451172,0.0033585156435429506,0.24341253861165318,0.25657767801737025,1
163,20000,5,stress,ccmar,0.2558505160746848,cc,0.24880524955004565,0.006554281922281795,0.2359590930378514,0.2616514060622399,1
163,20000,5,stress,ccmar,0.2558505160746848,seq,0.2454848710421485,0.006426581452609389,0.232889002851321,0.25808073923297603,1
164,20000,5,stress,ccmar,0.2558505160746848,full,0.26083741223227225,0.003311797894686046,0.254346407634612,0.26732841682993247,1
164,20000,5,stress,ccmar,0.2558505160746848,cc,0.25753624574661643,0.0059142728316342675,0.24594448400186955,0.26912800749136334,1
164,20000,5,stress,ccmar,0.2558505160746848,seq,0.259705467348628,0.0057089427553170926,0.24851614515840562,0.2708947895388503,1
165,20000,5,stress,ccmar,0.2558505160746848,full,0.25375977930594606,0.003255067501103823,0.24737996423653577,0.26013959437535633,1
165,20000,5,stress,ccmar,0.2558505160746848,cc,0.25237808297901776,0.005421570076916454,0.24175200088860146,0.2630041650694341,1
165,20000,5,stress,ccmar,0.2558505160746848,seq,0.2526700503237999,0.005240356557356905,0.24239914020523207,0.26294096044236775,1
166,20000,5,stress,ccmar,0.2558505160746848,full,0.25593522475003305,0.0034119716757773887,0.2492478831492386,0.26262256635082754,1
166,20000,5,stress,ccmar,0.2558505160746848,cc,0.23964329746272597,0.006566643402565708,0.22677291289437962,0.25251368203107233,0
166,20000,5,stress,ccmar,0.2558505160746848,seq,0.24054428631553038,0.006206795584812043,0.22837919050989655,0.2527093821211642,0
167,20000,5,stress,ccmar,0.2558505160746848,full,0.26269112027980884,0.003450972709491566,0.2559273380575748,0.2694549025020429,0
167,20000,5,stress,ccmar,0.2558505160746848,cc,0.2640866564613513,0.005991621602224304,0.2523432939119995,0.27583001901070314,1
167,20000,5,stress,ccmar,0.2558505160746848,seq,0.2665883775186694,0.005861536001661446,0.255099978061328,0.27807677697601074,1
168,20000,5,stress,ccmar,0.2558505160746848,full,0.2501677310361258,0.0034720852484231646,0.24336256899796357,0.256972893074288,1
168,20000,5,stress,ccmar,0.2558505160746848,cc,0.2541582486221131,0.006494510561466621,0.24142924182442355,0.2668872554198027,1
168,20000,5,stress,ccmar,0.2558505160746848,seq,0.25304664994584936,0.006478893195914742,0.24034825262217485,0.26574504726952386,1
169,20000,5,stress,ccmar,0.2558505160746848,full,0.24986673808928853,0.0033415322266379557,0.2433174552718982,0.25641602090667887,1
169,20000,5,stress,ccmar,0.2558505160746848,cc,0.2518355665471183,0.006363155374726078,0.23936401118462272,0.2643071219096139,1
169,20000,5,stress,ccmar,0.2558505160746848,seq,0.25313993896094017,0.006533042634339131,0.2403354106881708,0.26594446723370957,1
170,20000,5,stress,ccmar,0.2558505160746848,full,0.25716268365052786,0.0033036326454883337,0.25068768264721997,0.26363768465383575,1
170,20000,5,stress,ccmar,0.2558505160746848,cc,0.25572198944734154,0.005855874707243267,0.2442446859231657,0.26719929297151734,1
170,20000,5,stress,ccmar,0.2558505160746848,seq,0.2540210995498859,0.005883349394646647,0.24248994662791293,0.2655522524718588,1
171,20000,5,stress,ccmar,0.2558505160746848,full,0.25131533862197275,0.003213530982580487,0.24501693363291138,0.2576137436110341,1
171,20000,5,stress,ccmar,0.2558505160746848,cc,0.2619016805399002,0.005020041871786668,0.2520625792703153,0.27174078180948513,1
171,20000,5,stress,ccmar,0.2558505160746848,seq,0.26189050478057796,0.004927511552341717,0.25223275960458313,0.2715482499565728,1
172,20000,5,stress,ccmar,0.2558505160746848,full,0.2530991521003055,0.0034163544606394943,0.24640322039902932,0.25979508380158167,1
172,20000,5,stress,ccmar,0.2558505160746848,cc,0.25793103196327427,0.005951543987589842,0.24626622009519228,0.26959584383135626,1
172,20000,5,stress,ccmar,0.2558505160746848,seq,0.25861013519084936,0.005881629499305494,0.24708235320180225,0.2701379171798965,1
173,20000,5,stress,ccmar,0.2558505160746848,full,0.2526278531460434,0.0032485254446755754,0.2462608602716173,0.2589948460204695,1
173,20000,5,stress,ccmar,0.2558505160746848,cc,0.2484448931943485,0.0074882733394144784,0.23376814714270466,0.26312163924599236,1
173,20000,5,stress,ccmar,0.2558505160746848,seq,0.24799086811331464,0.007654544156076682,0.2329882372493328,0.26299349897729646,1
174,20000,5,stress,ccmar,0.2558505160746848,full,0.2527369586676864,0.0035198489092563945,0.24583818157452128,0.2596357357608515,1
174,20000,5,stress,ccmar,0.2558505160746848,cc,0.2534615187777505,0.005761129299248052,0.24216991284094586,0.2647531247145552,1
174,20000,5,stress,ccmar,0.2558505160746848,seq,0.2526150364476678,0.0057260421051391645,0.24139220014763513,0.2638378727477005,1
175,20000,5,stress,ccmar,0.2558505160746848,full,0.2551614875486702,0.003374090361429528,0.2485483919596846,0.2617745831376558,1
175,20000,5,stress,ccmar,0.2558505160746848,cc,0.2501917337730467,0.0059765923832875685,0.23847782795152667,0.26190563959456675,1
175,20000,5,stress,ccmar,0.2558505160746848,seq,0.25034105817592495,0.005861602143739136,0.23885252908249346,0.2618295872693564,1
176,20000,5,stress,ccmar,0.2558505160746848,full,0.2546692877855481,0.0032450139981050675,0.24830917721993384,0.26102939835116235,1
176,20000,5,stress,ccmar,0.2558505160746848,cc,0.26977544694546063,0.005147102522926589,0.25968731137578926,0.279863582515132,0
176,20000,5,stress,ccmar,0.2558505160746848,seq,0.2683192862758536,0.005117741863081261,0.2582886965420414,0.2783498760096658,0
177,20000,5,stress,ccmar,0.2558505160746848,full,0.25237526773668056,0.0035764303821164294,0.24536559299451755,0.2593849424788436,1
177,20000,5,stress,ccmar,0.2558505160746848,cc,0.2509736105321385,0.008101517048416697,0.23509492889710454,0.2668522921671725,1
177,20000,5,stress,ccmar,0.2558505160746848,seq,0.24935837027744592,0.0075227969322798766,0.23461395922716896,0.2641027813277229,1
178,20000,5,stress,ccmar,0.2558505160746848,full,0.2630028031804382,0.0032871938981176717,0.25656002152992774,0.2694455848309487,0
178,20000,5,stress,ccmar,0.2558505160746848,cc,0.2598863420648628,0.005607349594631832,0.2488961388106591,0.27087654531906646,1
178,20000,5,stress,ccmar,0.2558505160746848,seq,0.2574408132292292,0.005483731933311552,0.24669289613906634,0.268188730319392,1
179,20000,5,stress,ccmar,0.2558505160746848,full,0.25328495158875647,0.003401273673246862,0.24661857768762835,0.2599513254898846,1
179,20000,5,stress,ccmar,0.2558505160746848,cc,0.25318265783504057,0.007053216675189549,0.2393586071765117,0.26700670849356944,1
179,20000,5,stress,ccmar,0.2558505160746848,seq,0.2528843020127553,0.007141213926072584,0.23888777991175716,0.26688082411375347,1
180,20000,5,stress,ccmar,0.2558505160746848,full,0.2543108549738181,0.0032619625845064664,0.24791752578926823,0.260704184158368,1
180,20000,5,stress,ccmar,0.2558505160746848,cc,0.2576853179835228,0.0056313558565727045,0.2466480633205116,0.268722572646534,1
180,20000,5,stress,ccmar,0.2558505160746848,seq,0.25770486257837233,0.005521225691670394,0.24688345907218112,0.26852626608456354,1
181,20000,5,stress,ccmar,0.2558505160746848,full,0.2525366822766212,0.003296721204405579,0.24607522744891674,0.2589981371043256,1
181,20000,5,stress,ccmar,0.2558505160746848,cc,0.24883458151444066,0.005737599585302256,0.2375890929695363,0.260080070059345,1
181,20000,5,stress,ccmar,0.2558505160746848,seq,0.2498545888197394,0.0055754408368136705,0.23892692558165074,0.26078225205782807,1
182,20000,5,stress,ccmar,0.2558505160746848,full,0.2574585309536879,0.003371054239453578,0.25085138605442786,0.264065675852948,1
182,20000,5,stress,ccmar,0.2558505160746848,cc,0.24339136164989414,0.005885506785388212,0.23185598031976715,0.25492674298002116,0
182,20000,5,stress,ccmar,0.2558505160746848,seq,0.24325204563803632,0.005786556428592058,0.23191060344348716,0.25459348783258545,0
183,20000,5,stress,ccmar,0.2558505160746848,full,0.2572279164551289,0.0035722934596716617,0.2502263499319644,0.26422948297829335,1
183,20000,5,stress,ccmar,0.2558505160746848,cc,0.2620563564934725,0.006824644521477204,0.24868029902408856,0.2754324139628564,1
183,20000,5,stress,ccmar,0.2558505160746848,seq,0.2607851918314068,0.00673530252403105,0.24758424145932423,0.2739861422034894,1
184,20000,5,stress,ccmar,0.2558505160746848,full,0.2542803340937397,0.003361004019418792,0.2476928872637845,0.2608677809236949,1
184,20000,5,stress,ccmar,0.2558505160746848,cc,0.2567211063930197,0.005680656401308948,0.24558722443790726,0.26785498834813215,1
184,20000,5,stress,ccmar,0.2558505160746848,seq,0.2583275981890688,0.005803794847159402,0.24695236931497724,0.2697028270631604,1
185,20000,5,stress,ccmar,0.2558505160746848,full,0.2511493768143965,0.0033643697639453404,0.2445553332463881,0.2577434203824049,1
185,20000,5,stress,ccmar,0.2558505160746848,cc,0.26470992192821335,0.007349415631963092,0.25030533198215,0.2791145118742767,1
185,20000,5,stress,ccmar,0.2558505160746848,seq,0.2640383134041208,0.006870946273796057,0.25057150616777085,0.2775051206404708,1
186,20000,5,stress,ccmar,0.2558505160746848,full,0.251278100126167,0.0034074471977884302,0.24459962633927979,0.25795657391305427,1
186,20000,5,stress,ccmar,0.2558505160746848,cc,0.24975153704593303,0.007262081992875804,0.2355181178871196,0.2639849562047465,1
186,20000,5,stress,ccmar,0.2558505160746848,seq,0.2486048147530011,0.00785126009896457,0.23321662772577417,0.26399300178022805,1
187,20000,5,stress,ccmar,0.2558505160746848,full,0.25809256107646283,0.003392124485293255,0.25144411925421156,0.2647410028987141,1
187,20000,5,stress,ccmar,0.2558505160746848,cc,0.2618727223999109,0.005897772182213491,0.25031330133375024,0.27343214346607153,1
187,20000,5,stress,ccmar,0.2558505160746848,seq,0.2623543333731094,0.005911659141826625,0.2507676943662523,0.27394097237996656,1
188,20000,5,stress,ccmar,0.2558505160746848,full,0.25488504161001874,0.003354157137507385,0.2483110144220163,0.26145906879802117,1
188,20000,5,stress,ccmar,0.2558505160746848,cc,0.2539781273770903,0.00582826665427089,0.2425549346424236,0.265401320111757,1
188,20000,5,stress,ccmar,0.2558505160746848,seq,0.2519363651543264,0.0055593593052121375,0.24104022113899298,0.2628325091696598,1
189,20000,5,stress,ccmar,0.2558505160746848,full,0.25596805439904363,0.0034561468788926104,0.2491941309911336,0.2627419778069537,1
189,20000,5,stress,ccmar,0.2558505160746848,cc,0.2533772124766673,0.006053579070283789,0.24151241552134559,0.26524200943198895,1
189,20000,5,stress,ccmar,0.2558505160746848,seq,0.2529332377651169,0.006111448821913558,0.24095501818080658,0.2649114573494272,1
190,20000,5,stress,ccmar,0.2558505160746848,full,0.257003307223869,0.0033347718568647305,0.25046727448775635,0.26353933995998163,1
190,20000,5,stress,ccmar,0.2558505160746848,cc,0.25793637034743144,0.0065935574089453115,0.24501323529590138,0.2708595053989615,1
190,20000,5,stress,ccmar,0.2558505160746848,seq,0.25839319476528033,0.006540236764637057,0.24557456625622692,0.27121182327433374,1
191,20000,5,stress,ccmar,0.2558505160746848,full,0.2638436702440475,0.0033780014644484956,0.25722290903400485,0.2704644314540901,0
191,20000,5,stress,ccmar,0.2558505160746848,cc,0.2763204129743573,0.004908645317645981,0.26669964493889,0.2859411810098246,0
191,20000,5,stress,ccmar,0.2558505160746848,seq,0.27526639903699396,0.004785686027610959,0.26588662678155994,0.284646171292428,0
192,20000,5,stress,ccmar,0.2558505160746848,full,0.25385215363805674,0.0033690480901026796,0.24724894071927203,0.26045536655684143,1
192,20000,5,stress,ccmar,0.2558505160746848,cc,0.25354957733962497,0.005778286371196674,0.24222434415972086,0.2648748105195291,1
192,20000,5,stress,ccmar,0.2558505160746848,seq,0.2555178570699082,0.005692245498697735,0.2443612609013004,0.266674453238516,1
193,20000,5,stress,ccmar,0.2558505160746848,full,0.25361820048213224,0.0035729264574328487,0.24661539330615356,0.2606210076581109,1
193,20000,5,stress,ccmar,0.2558505160746848,cc,0.24821980856216383,0.00592433488755065,0.2366083255502104,0.2598312915741173,1
193,20000,5,stress,ccmar,0.2558505160746848,seq,0.251279771129835,0.0058265118990429325,0.2398600176522168,0.2626995246074532,1
194,20000,5,stress,ccmar,0.2558505160746848,full,0.2577572830739351,0.0034260965294318282,0.251042257268691,0.26447230887917916,1
194,20000,5,stress,ccmar,0.2558505160746848,cc,0.25970033660065767,0.009366745605021614,0.24134185256246646,0.27805882063884885,1
194,20000,5,stress,ccmar,0.2558505160746848,seq,0.25955136470515133,0.008426547615993507,0.2430356348637922,0.27606709454651046,1
195,20000,5,stress,ccmar,0.2558505160746848,full,0.2615160763211107,0.003266533006459628,0.25511378927413847,0.2679183633680829,1
195,20000,5,stress,ccmar,0.2558505160746848,cc,0.26183339636026215,0.005486748762710777,0.25107956639312934,0.27258722632739496,1
195,20000,5,stress,ccmar,0.2558505160746848,seq,0.2604293816420183,0.005332881133068774,0.24997712668737032,0.27088163659666625,1
196,20000,5,stress,ccmar,0.2558505160746848,full,0.2506356276576297,0.00325879031123986,0.2442485160144315,0.2570227393008279,1
196,20000,5,stress,ccmar,0.2558505160746848,cc,0.25526097341569837,0.00592672026590417,0.24364481514808253,0.2668771316833142,1
196,20000,5,stress,ccmar,0.2558505160746848,seq,0.25544581692482343,0.005737497897468921,0.24420052768441006,0.2666911061652368,1
197,20000,5,stress,ccmar,0.2558505160746848,full,0.2595383521084803,0.0034280105549105624,0.25281957488223245,0.26625712933472817,1
197,20000,5,stress,ccmar,0.2558505160746848,cc,0.25799958267107814,0.008102471460525748,0.242119030422684,0.2738801349194723,1
197,20000,5,stress,ccmar,0.2558505160746848,seq,0.2551074078323153,0.008234893216873039,0.23896731371071095,0.2712475019539196,1
198,20000,5,stress,ccmar,0.2558505160746848,full,0.2511133486444736,0.003195812170325069,0.24484967188928167,0.2573770253996655,1
198,20000,5,stress,ccmar,0.2558505160746848,cc,0.2617539419151895,0.005515305097336458,0.2509441425606599,0.27256374126971916,1
198,20000,5,stress,ccmar,0.2558505160746848,seq,0.2606349343777113,0.005518899405678874,0.2498180903082812,0.2714517784471414,1
199,20000,5,stress,ccmar,0.2558505160746848,full,0.25218101949404204,0.0035248277353664816,0.24527248408101585,0.2590895549070682,1
199,20000,5,stress,ccmar,0.2558505160746848,cc,0.2613393639139342,0.008120054012151177,0.24542435049759792,0.2772543773302705,1
199,20000,5,stress,ccmar,0.2558505160746848,seq,0.2626623244078661,0.007827067508328666,0.24732155398697822,0.2780030948287539,1
200,20000,5,stress,ccmar,0.2558505160746848,full,0.25546742755982865,0.0032325324384461294,0.2491317804016168,0.2618030747180405,1
200,20000,5,stress,ccmar,0.2558505160746848,cc,0.25496990447101364,0.004976527860366064,0.24521608909663598,0.2647237198453913,1
200,20000,5,stress,ccmar,0.2558505160746848,seq,0.2568767378708768,0.004875380394760486,0.24732116788621356,0.26643230785554,1
201,20000,5,stress,ccmar,0.2558505160746848,full,0.25192148407292186,0.0032535819455193193,0.24554458063895424,0.2582983875068895,1
201,20000,5,stress,ccmar,0.2558505160746848,cc,0.24059144616246994,0.00704039413275153,0.22679252722530982,0.25439036509963003,0
201,20000,5,stress,ccmar,0.2558505160746848,seq,0.24061093379707718,0.0069246901221631735,0.2270387905535371,0.25418307704061727,0
202,20000,5,stress,ccmar,0.2558505160746848,full,0.25179669210713723,0.0032662782967641936,0.2453949042819946,0.2581984799322799,1
202,20000,5,stress,ccmar,0.2558505160746848,cc,0.255364584357351,0.005321537661891836,0.24493456219766951,0.26579460651703246,1
202,20000,5,stress,ccmar,0.2558505160746848,seq,0.2542440287454494,0.005244776640107037,0.2439644554238826,0.26452360206701614,1
203,20000,5,stress,ccmar,0.2558505160746848,full,0.25770366209178264,0.0032957018039856322,0.2512442052521871,0.26416311893137817,1
203,20000,5,stress,ccmar,0.2558505160746848,cc,0.26257359679317344,0.00724589207304186,0.24837190929414713,0.2767752842921998,1
203,20000,5,stress,ccmar,0.2558505160746848,seq,0.26249382781321695,0.007090252486269436,0.2485971882988333,0.27639046732760064,1
204,20000,5,stress,ccmar,0.2558505160746848,full,0.2574984647791306,0.0033320185219184104,0.2509678284803501,0.26402910107791105,1
204,20000,5,stress,ccmar,0.2558505160746848,cc,0.24135667722795998,0.006524890465087715,0.22856812691331926,0.2541452275426007,0
204,20000,5,stress,ccmar,0.2558505160746848,seq,0.24313680815279595,0.0062830651794212565,0.2308222266886126,0.25545138961697933,0
205,20000,5,stress,ccmar,0.2558505160746848,full,0.2614610032325969,0.0033062174503936392,0.2549809361047675,0.2679410703604263,1
205,20000,5,stress,ccmar,0.2558505160746848,cc,0.2601308276588433,0.006776360724105998,0.2468494046933438,0.2734122506243428,1
205,20000,5,stress,ccmar,0.2558505160746848,seq,0.2584732771629277,0.006661234253517696,0.24541749793344844,0.27152905639240693,1
206,20000,5,stress,ccmar,0.2558505160746848,full,0.2546728362099889,0.003444209599277914,0.24792230944019703,0.2614233629797807,1
206,20000,5,stress,ccmar,0.2558505160746848,cc,0.2609421194718132,0.006061842586128757,0.24906112632304972,0.27282311262057674,1
206,20000,5,stress,ccmar,0.2558505160746848,seq,0.2601261435596865,0.006074388142838594,0.2482205615716057,0.2720317255477673,1
207,20000,5,stress,ccmar,0.2558505160746848,full,0.2589243073808844,0.003343297331973199,0.2523715650206081,0.2654770497411607,1
207,20000,5,stress,ccmar,0.2558505160746848,cc,0.2660834885805878,0.005594344915656255,0.2551187740288067,0.27704820313236883,1
207,20000,5,stress,ccmar,0.2558505160746848,seq,0.2650572066295151,0.0054617968040326145,0.2543522816027352,0.275762131656295,1
208,20000,5,stress,ccmar,0.2558505160746848,full,0.26382358065749556,0.0033066166390597345,0.2573427311342576,0.2703044301807335,0
208,20000,5,stress,ccmar,0.2558505160746848,cc,0.2771720464690954,0.005160721727697492,0.267057217748575,0.28728687518961576,0
208,20000,5,stress,ccmar,0.2558505160746848,seq,0.2759196354668616,0.0051164540895702005,0.26589156972275135,0.28594770121097185,0
209,20000,5,stress,ccmar,0.2558505160746848,full,0.25536259045622156,0.003399658514505308,0.2486993822080562,0.2620257987043869,1
209,20000,5,stress,ccmar,0.2558505160746848,cc,0.2732711503989342,0.006138869475184923,0.2612391873217794,0.28530311347608894,0
209,20000,5,stress,ccmar,0.2558505160746848,seq,0.2721690378823534,0.006108110165725648,0.2601973619439282,0.28414071382077866,0
210,20000,5,stress,ccmar,0.2558505160746848,full,0.24993919855757749,0.0033211835265025504,0.24342979845958476,0.25644859865557024,1
210,20000,5,stress,ccmar,0.2558505160746848,cc,0.2542434456105138,0.005627660862522431,0.24321343300276424,0.2652734582182634,1
210,20000,5,stress,ccmar,0.2558505160746848,seq,0.25256172188637493,0.005515478078117616,0.24175158349574422,0.26337186027700565,1
211,20000,5,stress,ccmar,0.2558505160746848,full,0.2613108784271499,0.0033566552701947707,0.2547319549890516,0.2678898018652482,1
211,20000,5,stress,ccmar,0.2558505160746848,cc,0.26038967949682656,0.0056212797127794464,0.2493721737127532,0.27140718528089997,1
211,20000,5,stress,ccmar,0.2558505160746848,seq,0.26022590224976505,0.005672889546103049,0.2491072430511293,0.2713445614484008,1
212,20000,5,stress,ccmar,0.2558505160746848,full,0.2586255239047056,0.0033392219289534774,0.25208076918757044,0.2651702786218408,1
212,20000,5,stress,ccmar,0.2558505160746848,cc,0.2581123680746633,0.005817739762173624,0.2467098076693764,0.26951492847995023,1
212,20000,5,stress,ccmar,0.2558505160746848,seq,0.25655252148591406,0.005600524637401586,0.2455756949020777,0.26752934806975043,1
213,20000,5,stress,ccmar,0.2558505160746848,full,0.25366268724185315,0.0033092432328137703,0.24717668968945525,0.260148684794251,1
213,20000,5,stress,ccmar,0.2558505160746848,cc,0.25400956886268516,0.005436114284114067,0.24335498064997785,0.2646641570753925,1
213,20000,5,stress,ccmar,0.2558505160746848,seq,0.25449914571295956,0.00536406104599442,0.24398577925193626,0.26501251217398286,1
214,20000,5,stress,ccmar,0.2558505160746848,full,0.26044970411720775,0.0033458397028291223,0.25389197880161846,0.26700742943279704,1
214,20000,5,stress,ccmar,0.2558505160746848,cc,0.265340699449884,0.006600472078693983,0.25240401189468153,0.2782773870050864,1
214,20000,5,stress,ccmar,0.2558505160746848,seq,0.26584002460610684,0.006622065640076658,0.2528610144482964,0.2788190347639173,1
215,20000,5,stress,ccmar,0.2558505160746848,full,0.2552221079733002,0.003231882245523325,0.24888773516980003,0.2615564807768003,1
215,20000,5,stress,ccmar,0.2558505160746848,cc,0.2554110419622705,0.004828368363684574,0.24594761386535613,0.26487447005918485,1
215,20000,5,stress,ccmar,0.2558505160746848,seq,0.2547015366413661,0.004725820978624513,0.24543909772587819,0.26396397555685397,1
216,20000,5,stress,ccmar,0.2558505160746848,full,0.25308491734888094,0.0034335204753562923,0.24635534087700175,0.2598144938207601,1
216,20000,5,stress,ccmar,0.2558505160746848,cc,0.2561142264660089,0.006378931369949789,0.24361175072105457,0.26861670221096323,1
216,20000,5,stress,ccmar,0.2558505160746848,seq,0.25850747803582075,0.006156473629279084,0.24644101145066316,0.27057394462097833,1
217,20000,5,stress,ccmar,0.2558505160746848,full,0.2607263779560551,0.003365079058013945,0.25413094419721777,0.2673218117148924,1
217,20000,5,stress,ccmar,0.2558505160746848,cc,0.2595513277963857,0.005597961310641567,0.24857952524067956,0.2705231303520918,1
217,20000,5,stress,ccmar,0.2558505160746848,seq,0.2599471757684957,0.005689255926347257,0.248796439054024,0.2710979124829674,1
218,20000,5,stress,ccmar,0.2558505160746848,full,0.2639367451641066,0.0034760451729669945,0.257123821816457,0.2707496685117562,0
218,20000,5,stress,ccmar,0.2558505160746848,cc,0.2615676594942289,0.0061575495545616345,0.24949908413426744,0.27363623485419036,1
218,20000,5,stress,ccmar,0.2558505160746848,seq,0.2615805494014323,0.0060776897199025974,0.24966849644121392,0.27349260236165074,1
219,20000,5,stress,ccmar,0.2558505160746848,full,0.25999601837672465,0.003656147301321819,0.25283010134396056,0.26716193540948874,1
219,20000,5,stress,ccmar,0.2558505160746848,cc,0.24770232722730115,0.0058822432368556025,0.23617334233475987,0.25923131211984246,1
219,20000,5,stress,ccmar,0.2558505160746848,seq,0.246141407780196,0.005762423073912841,0.23484726609164425,0.25743554946874775,1
220,20000,5,stress,ccmar,0.2558505160746848,full,0.2592186318859643,0.0034858438196873503,0.25238650354364556,0.266050760228283,1
220,20000,5,stress,ccmar,0.2558505160746848,cc,0.2654786405902159,0.008565809408561916,0.2486899626510002,0.2822673185294316,1
220,20000,5,stress,ccmar,0.2558505160746848,seq,0.2656824843614553,0.008548736531271982,0.24892726864684034,0.2824377000760703,1
221,20000,5,stress,ccmar,0.2558505160746848,full,0.25803616073058894,0.003471583015148192,0.25123198305155753,0.26484033840962035,1
221,20000,5,stress,ccmar,0.2558505160746848,cc,0.2646620262987153,0.006028832733270734,0.2528457312726885,0.27647832132474215,1
221,20000,5,stress,ccmar,0.2558505160746848,seq,0.26574788092017215,0.006007189366025612,0.25397400611445,0.2775217557258943,1
222,20000,5,stress,ccmar,0.2558505160746848,full,0.25486220587607766,0.003309505295434794,0.24837569469038087,0.2613487170617744,1
222,20000,5,stress,ccmar,0.2558505160746848,cc,0.25493149095155343,0.00563029251973595,0.2438963203904457,0.2659666615126612,1
222,20000,5,stress,ccmar,0.2558505160746848,seq,0.25364208755654916,0.005656615305012235,0.24255532528432713,0.2647288498287712,1
223,20000,5,stress,ccmar,0.2558505160746848,full,0.2557109623654627,0.0033593982599748272,0.2491266627661855,0.2622952619647399,1
223,20000,5,stress,ccmar,0.2558505160746848,cc,0.2583917872695807,0.007236682742711846,0.24420814972632293,0.2725754248128384,1
223,20000,5,stress,ccmar,0.2558505160746848,seq,0.2594567698945747,0.006620837959081607,0.2464801659472991,0.27243337384185035,1
224,20000,5,stress,ccmar,0.2558505160746848,full,0.25823362859091664,0.003232033087378916,0.25189896014281216,0.2645682970390211,1
224,20000,5,stress,ccmar,0.2558505160746848,cc,0.26294815582751,0.005718815261002559,0.25173948388170697,0.27415682777331307,1
224,20000,5,stress,ccmar,0.2558505160746848,seq,0.2633159746205531,0.005834648088647668,0.2518802745043382,0.27475167473676804,1
225,20000,5,stress,ccmar,0.2558505160746848,full,0.25242629615507195,0.003373439530566925,0.24581447617113708,0.25903811613900685,1
225,20000,5,stress,ccmar,0.2558505160746848,cc,0.2512247524119337,0.005816605559388447,0.2398244150032569,0.2626250898206105,1
225,20000,5,stress,ccmar,0.2558505160746848,seq,0.25320857409718783,0.005673003485472454,0.24208969158149163,0.26432745661288404,1
226,20000,5,stress,ccmar,0.2558505160746848,full,0.2536753161967645,0.003342933681169998,0.24712328657896537,0.2602273458145636,1
226,20000,5,stress,ccmar,0.2558505160746848,cc,0.25697902757288976,0.00510946134785835,0.24696466735068792,0.26699338779509163,1
226,20000,5,stress,ccmar,0.2558505160746848,seq,0.257558229508082,0.00497361867769237,0.24781011602696923,0.26730634298919476,1
227,20000,5,stress,ccmar,0.2558505160746848,full,0.24770293130679574,0.003286025211990329,0.2412624402390041,0.25414342237458737,0
227,20000,5,stress,ccmar,0.2558505160746848,cc,0.2484606128229286,0.0061670365701317,0.23637344325412907,0.26054778239172816,1
227,20000,5,stress,ccmar,0.2558505160746848,seq,0.2496520064425617,0.006430141624492123,0.23704916044306526,0.26225485244205815,1
228,20000,5,stress,ccmar,0.2558505160746848,full,0.24990924694767735,0.0033263382492097777,0.24338974377882816,0.25642875011652655,1
228,20000,5,stress,ccmar,0.2558505160746848,cc,0.24792847809403892,0.005748032582674529,0.2366625412500341,0.25919441493804374,1
228,20000,5,stress,ccmar,0.2558505160746848,seq,0.2494779744925485,0.005633630188985589,0.23843626221991915,0.26051968676517784,1
229,20000,5,stress,ccmar,0.2558505160746848,full,0.25981943360576276,0.0033341815004349867,0.25328455794699045,0.26635430926453507,1
229,20000,5,stress,ccmar,0.2558505160746848,cc,0.2589954195632873,0.005408360589631788,0.2483952275922032,0.26959561153437145,1
229,20000,5,stress,ccmar,0.2558505160746848,seq,0.25985222936610375,0.0052681228003148865,0.24952689841135228,0.2701775603208552,1
230,20000,5,stress,ccmar,0.2558505160746848,full,0.2557323588806192,0.0033865965739433563,0.24909475156552346,0.2623699661957149,1
230,20000,5,stress,ccmar,0.2558505160746848,cc,0.2541428413104796,0.008830055549698203,0.23683625045158307,0.2714494321693761,1
230,20000,5,stress,ccmar,0.2558505160746848,seq,0.2567915311801456,0.007961029760006151,0.24118819957068197,0.27239486278960917,1
231,20000,5,stress,ccmar,0.2558505160746848,full,0.25860096596587917,0.00341953677180389,0.2518987970493332,0.26530313488242513,1
231,20000,5,stress,ccmar,0.2558505160746848,cc,0.2675229369027832,0.006163426287930574,0.2554428433570719,0.27960303044849455,1
231,20000,5,stress,ccmar,0.2558505160746848,seq,0.26590488216988095,0.006006832584644474,0.25413170664281615,0.27767805769694576,1
232,20000,5,stress,ccmar,0.2558505160746848,full,0.25000865376743187,0.003442442580450809,0.24326159029090116,0.25675571724396257,1
232,20000,5,stress,ccmar,0.2558505160746848,cc,0.2496496879708121,0.005634326105375888,0.23860661172712153,0.26069276421450266,1
232,20000,5,stress,ccmar,0.2558505160746848,seq,0.24858748967942174,0.005583840008345959,0.2376433643676298,0.25953161499121363,1
233,20000,5,stress,ccmar,0.2558505160746848,full,0.2483841799626551,0.00325171307293036,0.24201093945165353,0.2547574204736567,0
233,20000,5,stress,ccmar,0.2558505160746848,cc,0.24606401418015583,0.005895696697951586,0.234508660988399,0.25761936737191266,1
233,20000,5,stress,ccmar,0.2558505160746848,seq,0.24433954230348967,0.00581923210350179,0.2329340569629469,0.25574502764403245,0
234,20000,5,stress,ccmar,0.2558505160746848,full,0.2603715893435177,0.003330222192455233,0.2538444737857894,0.26689870490124595,1
234,20000,5,stress,ccmar,0.2558505160746848,cc,0.25857174044236564,0.006439952016255733,0.2459496664283383,0.27119381445639296,1
234,20000,5,stress,ccmar,0.2558505160746848,seq,0.2598616906201813,0.006305801761326131,0.24750254627433282,0.2722208349660297,1
235,20000,5,stress,ccmar,0.2558505160746848,full,0.25361649830198096,0.0033182054962152007,0.2471129350360963,0.2601200615678656,1
235,20000,5,stress,ccmar,0.2558505160746848,cc,0.2475644966182409,0.005801804754701609,0.2361931682536925,0.2589358249827893,1
235,20000,5,stress,ccmar,0.2558505160746848,seq,0.24807755777793003,0.005668582416101069,0.23696734039897488,0.2591877751568852,1
236,20000,5,stress,ccmar,0.2558505160746848,full,0.25826305031427904,0.0034547604667691397,0.25149184422419874,0.26503425640435935,1
236,20000,5,stress,ccmar,0.2558505160746848,cc,0.25147277559915854,0.006240684115946455,0.2392412594930123,0.2637042917053048,1
236,20000,5,stress,ccmar,0.2558505160746848,seq,0.2527544529117883,0.006098427337047023,0.2408017549688416,0.26470715085473495,1
237,20000,5,stress,ccmar,0.2558505160746848,full,0.24879982045829394,0.0033897535687213943,0.2421560255471339,0.255443615369454,0
237,20000,5,stress,ccmar,0.2558505160746848,cc,0.24798096993263016,0.005482852188231942,0.23723477711113894,0.2587271627541214,1
237,20000,5,stress,ccmar,0.2558505160746848,seq,0.2486852730825322,0.0053007940510395035,0.23829590765303058,0.2590746385120338,1
238,20000,5,stress,ccmar,0.2558505160746848,full,0.2580878088222995,0.003413759649839634,0.25139696285673774,0.2647786547878612,1
238,20000,5,stress,ccmar,0.2558505160746848,cc,0.24269454009194624,0.01704878631644296,0.20927953293159876,0.27610954725229375,1
238,20000,5,stress,ccmar,0.2558505160746848,seq,0.24058858493585936,0.01817834490070554,0.20495968363192915,0.2762174862397896,1
239,20000,5,stress,ccmar,0.2558505160746848,full,0.2515728157591161,0.003406737694424779,0.24489573257326852,0.2582498989449637,1
239,20000,5,stress,ccmar,0.2558505160746848,cc,0.2507050580734875,0.006177555546144507,0.2385972716905486,0.2628128444564264,1
239,20000,5,stress,ccmar,0.2558505160746848,seq,0.25303293200728383,0.0060263813918979585,0.24122144152206146,0.26484442249250617,1
240,20000,5,stress,ccmar,0.2558505160746848,full,0.2504329079853664,0.0033449174929131103,0.2438769901679987,0.2569888258027341,1
240,20000,5,stress,ccmar,0.2558505160746848,cc,0.2505662885353849,0.005569122355238726,0.2396510092936201,0.26148156777714965,1
240,20000,5,stress,ccmar,0.2558505160746848,seq,0.2509922012388193,0.005536331651018128,0.2401411905963546,0.261843211881284,1
241,20000,5,stress,ccmar,0.2558505160746848,full,0.25346589432099226,0.0033120951927806752,0.24697430702977388,0.2599574816122106,1
241,20000,5,stress,ccmar,0.2558505160746848,cc,0.22996917441697692,0.005678489647427433,0.21883953922143562,0.24109880961251823,0
241,20000,5,stress,ccmar,0.2558505160746848,seq,0.22861114698553828,0.005443475815876086,0.21794213043570637,0.23928016353537018,0
242,20000,5,stress,ccmar,0.2558505160746848,full,0.2573076860648003,0.0032851540190126476,0.2508689025038685,0.2637464696257321,1
242,20000,5,stress,ccmar,0.2558505160746848,cc,0.26434634122294354,0.005995028658272781,0.2525963009664434,0.27609638147944365,1
242,20000,5,stress,ccmar,0.2558505160746848,seq,0.26312713320811565,0.0059723763626173924,0.25142149063526725,0.27483277578096404,1
243,20000,5,stress,ccmar,0.2558505160746848,full,0.2547184258732946,0.0034482548429338356,0.24795997057162844,0.2614768811749607,1
243,20000,5,stress,ccmar,0.2558505160746848,cc,0.2575735364392102,0.005783034556632217,0.2462389969868605,0.2689080758915599,1
243,20000,5,stress,ccmar,0.2558505160746848,seq,0.2579299220013927,0.005778729749542235,0.24660381981589974,0.26925602418688566,1
244,20000,5,stress,ccmar,0.2558505160746848,full,0.255679126944446,0.0033187089730672497,0.2491745768820643,0.2621836770068277,1
244,20000,5,stress,ccmar,0.2558505160746848,cc,0.2510436229058608,0.005530240889501803,0.2402045499366065,0.2618826958751151,1
244,20000,5,stress,ccmar,0.2558505160746848,seq,0.2529755705162814,0.0053071388369987475,0.24257376953481005,0.2633773714977527,1
245,20000,5,stress,ccmar,0.2558505160746848,full,0.2643736767752257,0.0033993747070427036,0.2577110247794656,0.2710363287709858,0
245,20000,5,stress,ccmar,0.2558505160746848,cc,0.27874493632226266,0.0060854743678343485,0.2668176257324657,0.2906722469120596,0
245,20000,5,stress,ccmar,0.2558505160746848,seq,0.27701212976008094,0.006135554322920512,0.2649866642619677,0.28903759525819417,0
246,20000,5,stress,ccmar,0.2558505160746848,full,0.2618931045291805,0.0033082521331940134,0.25540904949634247,0.2683771595620186,1
246,20000,5,stress,ccmar,0.2558505160746848,cc,0.2700754872511275,0.005806238777097743,0.25869546836237606,0.28145550613987896,0
246,20000,5,stress,ccmar,0.2558505160746848,seq,0.2705803502619816,0.005777300125334139,0.2592570500884479,0.28190365043551524,0
247,20000,5,stress,ccmar,0.2558505160746848,full,0.26215897179975217,0.0033692730270849037,0.2555553180125835,0.2687626255869208,1
247,20000,5,stress,ccmar,0.2558505160746848,cc,0.27460954829269496,0.005456665413645258,0.2639146806062649,0.28530441597912504,0
247,20000,5,stress,ccmar,0.2558505160746848,seq,0.27524806305389193,0.005339807525994118,0.26478223261856754,0.28571389348921633,0
248,20000,5,stress,ccmar,0.2558505160746848,full,0.2564153267270602,0.00340154731929096,0.24974841648954113,0.2630822369645792,1
248,20000,5,stress,ccmar,0.2558505160746848,cc,0.2543901828325548,0.005174207747751702,0.24424892199843337,0.26453144366667625,1
248,20000,5,stress,ccmar,0.2558505160746848,seq,0.2531308131968598,0.005080546354718908,0.2431731253198245,0.26308850107389514,1
249,20000,5,stress,ccmar,0.2558505160746848,full,0.2587905527863936,0.00342227807618505,0.2520830110119899,0.26549809456079737,1
249,20000,5,stress,ccmar,0.2558505160746848,cc,0.26339253270413154,0.007069047170051501,0.2495374548458158,0.2772476105624473,1
249,20000,5,stress,ccmar,0.2558505160746848,seq,0.26238716210278223,0.007025391192273828,0.24861764838862063,0.27615667581694386,1
250,20000,5,stress,ccmar,0.2558505160746848,full,0.2577153507746229,0.0032713672531175433,0.2513035887783088,0.264127112770937,1
250,20000,5,stress,ccmar,0.2558505160746848,cc,0.2594131867573492,0.005636094749558877,0.2483666440347585,0.2704597294799399,1
250,20000,5,stress,ccmar,0.2558505160746848,seq,0.25939664708380844,0.0056153001128475275,0.24839086110024358,0.27040243306737327,1
