scenario,replicate,estimate_full,se_full,estimate_coarsened,se_coarsened,estimate_sequential,se_sequential,complete_proportion,l1_only_proportion,neither_proportion,min_pi1_oof,min_pi2_oof,min_pis_oof
CCMAR-compatible,1,0.5172286454746958,0.03689108670844618,0.6041456462346848,0.13735354293279806,0.5870013764043096,0.05963724523067474,0.27625,0.55425,0.1695,0.6447207171243882,0.17994811606934008,0.03344451117700715
CCMAR-compatible,2,0.4555191871675101,0.03800724883020104,0.4348233247521702,0.08392464356207407,0.43604062885880224,0.06110216436483216,0.277,0.5615,0.1615,0.6875587553352054,0.13416649629631028,0.029101642214813685
CCMAR-compatible,3,0.4868965405522507,0.035556380408231496,0.5642181486828778,0.07893051744120258,0.5735593213064903,0.058650035537153915,0.27875,0.54425,0.177,0.6055801610696739,0.22272482010800876,0.04697730033978122
CCMAR-compatible,4,0.5289956024522328,0.03798702167692048,0.5335999188166182,0.07341971085646097,0.5439901456301843,0.06160173455146783,0.27475,0.5515,0.17375,0.6466985931202542,0.21138990500656077,0.05253038764637655
CCMAR-compatible,5,0.5475571744618926,0.03636204446837477,0.5588218833119585,0.0813725669937626,0.5760733877826788,0.060852612425435645,0.25475,0.576,0.16925,0.7415048730665271,0.20384504191189648,0.03229443666553668
CCMAR-compatible,6,0.5365928923677854,0.03826283268386075,0.562744323888577,0.08542894887502607,0.5659459744589421,0.06663842754926746,0.27125,0.55375,0.175,0.7386008816971126,0.18874957921541713,0.04484116300382451
CCMAR-compatible,7,0.42420573693398456,0.03812589118187086,0.2747702168626541,0.08010449826226038,0.3363729191130501,0.06638941127411241,0.2705,0.55175,0.17775,0.7516447779965645,0.19793527072683256,0.032338237672930044
CCMAR-compatible,8,0.5421017236860896,0.036215156294584994,0.5580860661848399,0.07766875436362658,0.49749057327422797,0.059200088319170445,0.266,0.55125,0.18275,0.6014127861118379,0.21408517015000247,0.025
CCMAR-compatible,9,0.4676976872082296,0.036123112613471495,0.48762128655187736,0.09085567639043787,0.49250920667456344,0.06159017837164241,0.26075,0.5625,0.17675,0.6827313258261976,0.18497652517395277,0.04342275397289392
CCMAR-compatible,10,0.5262354600551374,0.03589676064987357,0.3975016189107639,0.09352820799951893,0.493328040507863,0.0580796298493885,0.28575,0.53925,0.175,0.6319802129117255,0.24362189965870576,0.03475634463485098
CCMAR-compatible,11,0.41233544691653584,0.0364052662565699,0.41930282511009964,0.08161897416765329,0.4391015032767568,0.054832897725251774,0.273,0.54525,0.18175,0.6148644700056775,0.19589346814396363,0.03742325646223633
CCMAR-compatible,12,0.5628308335247503,0.03682635294554662,0.5284462856829188,0.08056109105042203,0.5405081850343063,0.05893115883726978,0.267,0.5555,0.1775,0.6573942403669442,0.2088565000621078,0.048211300022220585
CCMAR-compatible,13,0.5260238380696945,0.03805979484108041,0.4757806127344552,0.08839689152520087,0.4366048616281961,0.05859917802129202,0.2705,0.55675,0.17275,0.6973278197336273,0.20483572509113135,0.025
CCMAR-compatible,14,0.5079942594595076,0.03900555408502908,0.36960846705474826,0.10225625824715573,0.4632149180929823,0.06777582635586239,0.252,0.57375,0.17425,0.6480792657099599,0.22109684217707,0.05327493270432022
CCMAR-compatible,15,0.4766621562130304,0.03812940693690359,0.5005591071806818,0.08876284198742453,0.4807336472317421,0.06513161945099334,0.26925,0.5595,0.17125,0.6976743935844687,0.21878511360158878,0.038118141756566366
CCMAR-compatible,16,0.4971749580773124,0.03741370580008289,0.5151239451375842,0.09970864191395305,0.4799965014543878,0.06377490505426493,0.277,0.5565,0.1665,0.6097662528362705,0.22143281097927553,0.0439747157906897
CCMAR-compatible,17,0.5088876143151614,0.03669297630169042,0.5898435140408026,0.08419749439807989,0.5023364160410303,0.057807245238666594,0.27925,0.551,0.16975,0.7245297983799746,0.2290637715564859,0.03522415114903936
CCMAR-compatible,18,0.49457596101298223,0.036967204570084115,0.47507321991709944,0.08642521578223408,0.5013283436925762,0.06511230017143627,0.2505,0.57125,0.17825,0.7237641973002452,0.18178436395322048,0.026039478845300897
CCMAR-compatible,19,0.4387296344709184,0.03678240392306036,0.3782713167045527,0.10306660294232754,0.43943260288317165,0.06369004374439324,0.2595,0.571,0.1695,0.6907513113427287,0.20840433024302885,0.04444951470880825
CCMAR-compatible,20,0.5547721394693537,0.03662211404138234,0.5619322515510972,0.08635916133036689,0.5502502427201047,0.062194033259283556,0.276,0.5525,0.1715,0.6826209300330295,0.22786207016122126,0.05303247127258221
CCMAR-compatible,21,0.5685531424347041,0.04061571969771383,0.6589266711111461,0.09356621373877697,0.6489222586997069,0.06905222496342937,0.26975,0.55875,0.1715,0.6327506635242153,0.19549304676135007,0.03637481729004226
CCMAR-compatible,22,0.4798612459755556,0.037757736866015926,0.5017716134140865,0.08383367861044817,0.4417091842596147,0.06384264127669965,0.2795,0.54675,0.17375,0.7304738542921785,0.21141458315126946,0.04775491182440859
CCMAR-compatible,23,0.5313635762738931,0.037401329267984486,0.5969346633334167,0.08717842006365399,0.5650703846684375,0.07000962661645627,0.26075,0.56475,0.1745,0.6986683310396541,0.1891996210688492,0.025
CCMAR-compatible,24,0.5279693299994432,0.037303976681880804,0.5758222261722592,0.07801921848636521,0.6005310422935267,0.06156253950569681,0.2735,0.55875,0.16775,0.6942313028929514,0.22009343924380653,0.025
CCMAR-compatible,25,0.5217484752616498,0.036610864290970886,0.5829267009285769,0.0878610595644792,0.5536970664165692,0.06703473344916595,0.2635,0.559,0.1775,0.7420632820066333,0.24352758527401833,0.04641623719034691
CCMAR-compatible,26,0.44216844521378584,0.03583446779934391,0.44658911526657186,0.06833210992389491,0.474177080960425,0.05066628846087662,0.27625,0.5505,0.17325,0.7284886847362391,0.20262366417244082,0.03153895343158501
CCMAR-compatible,27,0.4786425239972489,0.03655822523409999,0.4958939213763324,0.06876114003798152,0.4997472317870781,0.05747679372851683,0.2815,0.54775,0.17075,0.7601979403481289,0.2152489951051298,0.05504127874421538
CCMAR-compatible,28,0.4615189853822125,0.03461954501597939,0.36181935954945127,0.07997654417642712,0.43758121980989334,0.05414323907316625,0.2595,0.571,0.1695,0.607678372391299,0.2068744480224235,0.03211344409352151
CCMAR-compatible,29,0.5124554839684108,0.036412877180506675,0.4779073980114493,0.08042853050211776,0.5164056286885484,0.06711300824934789,0.26175,0.5635,0.17475,0.6695125319732894,0.16870287127897757,0.02558853775194307
CCMAR-compatible,30,0.496390041873106,0.035297573433979414,0.5757419344276734,0.07790287412163796,0.5882957008887372,0.05929595142244267,0.26375,0.56275,0.1735,0.6445258456427665,0.17760276875759184,0.035978428489876146
CCMAR-compatible,31,0.4755404974685364,0.03517055418881211,0.3831117841766935,0.08189406831308148,0.46086596883541164,0.060357185581844025,0.27675,0.555,0.16825,0.7125351501868152,0.21823134006826903,0.035746361513204684
CCMAR-compatible,32,0.5173514211971265,0.037135992808052964,0.6169474097262388,0.09460292920765229,0.558532655656396,0.060071431228917574,0.273,0.54825,0.17875,0.699428914654298,0.24078531714824913,0.028386997983065754
CCMAR-compatible,33,0.5159117762272356,0.03603223003001863,0.48357329237589713,0.06525467445443284,0.5171068974878431,0.05207870648395632,0.278,0.55975,0.16225,0.6913365999027777,0.23567111065194118,0.03978951147933013
CCMAR-compatible,34,0.4907817227055135,0.038650229166136064,0.5139923182522735,0.07856736182027957,0.5617377796073655,0.06044418341709672,0.2755,0.5515,0.173,0.6352895541971803,0.2296952550125136,0.025
CCMAR-compatible,35,0.5127182757465276,0.03734695690742635,0.4264990200995103,0.08819442486862343,0.4680509867986057,0.060461108653669576,0.2705,0.5555,0.174,0.7507431719367722,0.17533598379717125,0.029721182474061796
CCMAR-compatible,36,0.49095775145348686,0.0373612763378533,0.6123357301076388,0.08969900611660789,0.5418070879861812,0.0687813117621817,0.2675,0.558,0.1745,0.6591679089518732,0.20295461902180364,0.05245821354978108
CCMAR-compatible,37,0.5434864579398385,0.039945395746009874,0.71917532202549,0.10638774610379956,0.5871134088402593,0.06791526847873361,0.261,0.56425,0.17475,0.7250490669921984,0.22272077880268837,0.025
CCMAR-compatible,38,0.5511074000109595,0.03534688415125228,0.4024977412197451,0.07752314214453777,0.47637374839282315,0.05911828567084428,0.27275,0.55825,0.169,0.6440120121115402,0.18332990144529898,0.03538526007125144
CCMAR-compatible,39,0.504085689824532,0.0355111769996616,0.36769894120397534,0.10682659546870073,0.5770144174646459,0.05658520965150583,0.28475,0.55025,0.165,0.6665266033940173,0.2407161867503873,0.04156562336419874
CCMAR-compatible,40,0.5300371886901901,0.03801887419580362,0.544011421649481,0.08448551037020245,0.4595281989110549,0.06753927642520056,0.27625,0.55125,0.1725,0.6075191980361528,0.2396620589473804,0.03900882601631086
CCMAR-compatible,41,0.42263695786250244,0.03611644923330449,0.36032386281778456,0.07936664784884855,0.3328643259832588,0.05771866356125094,0.2705,0.55175,0.17775,0.647141572087652,0.21559871448435577,0.05812879978341835
CCMAR-compatible,42,0.5632810135785241,0.036816155761621866,0.5247219143132741,0.07829525736784343,0.5856832668367099,0.06297474481286483,0.26625,0.5565,0.17725,0.616957101146012,0.18854475271478338,0.05483856282703564
CCMAR-compatible,43,0.4311003784620419,0.036008893843550625,0.4818191822120217,0.08531943934406133,0.4601235012541312,0.05945481320769908,0.26575,0.5595,0.17475,0.6761863111641065,0.23732129230529891,0.060675360466919785
CCMAR-compatible,44,0.5017143893283922,0.03915536094311422,0.5571869116657584,0.08322693701292758,0.5241922590166115,0.05943647057243277,0.27325,0.551,0.17575,0.5854720559241511,0.19189298766357454,0.04800499928187761
CCMAR-compatible,45,0.43032008498328056,0.03702911562825199,0.4185874405442063,0.09976281102307896,0.5320528059277272,0.058627973890849845,0.279,0.54675,0.17425,0.7051344395591264,0.2128705541770281,0.0526159678634663
CCMAR-compatible,46,0.4410226040835107,0.03885657451045202,0.5145697225314714,0.09405191316626434,0.4788745611667903,0.06900549317475689,0.26625,0.56275,0.171,0.6922785011103515,0.1886798912764696,0.025
CCMAR-compatible,47,0.4872078867611157,0.037736398642296866,0.4949036877923319,0.08540474290589713,0.41467643685931077,0.05919688605015338,0.26625,0.56225,0.1715,0.6961205270829953,0.20776324529547832,0.03551891893144016
CCMAR-compatible,48,0.46664520103869667,0.03629578136596985,0.4459226585731787,0.09479195315173905,0.4044546216186647,0.061549106153702245,0.2665,0.5565,0.177,0.6300813020157299,0.23927000156714423,0.025
CCMAR-compatible,49,0.5303489268354282,0.035109488681874954,0.5038728326237241,0.07716813258509587,0.51272808850331,0.06101068483192616,0.27275,0.562,0.16525,0.7425408371947989,0.203952041918231,0.034725430379700634
CCMAR-compatible,50,0.4844796747621813,0.03689371790681456,0.6255647998389204,0.07638108037384789,0.5645771912400842,0.06018809703789698,0.2725,0.56125,0.16625,0.6211720666299945,0.23354428329544502,0.04479833638435537
CCMAR-compatible,51,0.5157330081824965,0.036174636817325634,0.4482372152325715,0.07235903569520748,0.4879709836429267,0.05654700703290016,0.2795,0.53725,0.18325,0.7113203804440894,0.22768446371051584,0.03344553831984473
CCMAR-compatible,52,0.45946980195087134,0.03596251747155769,0.3791143171733611,0.08881979353752302,0.3900988640582883,0.05429943133265327,0.275,0.553,0.172,0.7395459299480631,0.18596813641696225,0.03396736717261174
CCMAR-compatible,53,0.47300774527301326,0.03665937411681211,0.579799945093481,0.0962072907892994,0.5151614459902384,0.05691494205707651,0.25375,0.56125,0.185,0.6340378654663013,0.1767155853948051,0.028210295114560965
CCMAR-compatible,54,0.5214729915130915,0.03769924226228041,0.5096033020659982,0.08544499662266636,0.5192768534637658,0.06164557190176614,0.2715,0.552,0.1765,0.7222777594769778,0.2148883847614372,0.025504136225813344
CCMAR-compatible,55,0.5518556059386496,0.03804516713111339,0.4836501548474923,0.08787056608926871,0.500171146636181,0.06698810894451356,0.276,0.55,0.174,0.7281947495140809,0.24137868857822367,0.04466861393067965
CCMAR-compatible,56,0.5466098381471968,0.035901846310028934,0.664383565475577,0.06671876129416303,0.6307762554032652,0.05219381230435597,0.27225,0.5605,0.16725,0.7244508865526471,0.2061859916877821,0.04478175756418261
CCMAR-compatible,57,0.5238819715975039,0.03719902559959614,0.5533948688443953,0.09093229719634417,0.5165349072938806,0.0686031645811933,0.27575,0.558,0.16625,0.658226021906373,0.22337707003499752,0.025
CCMAR-compatible,58,0.5101243393898705,0.03673840864039932,0.4586982218935135,0.0776788616696561,0.4723164262163449,0.0587859689203626,0.2685,0.56375,0.16775,0.6701633177548741,0.2588784592349999,0.038407538349863025
CCMAR-compatible,59,0.4840509551930631,0.03671619284842438,0.45474909094352367,0.07298285368231626,0.4694331325171047,0.05895141361865082,0.27375,0.55175,0.1745,0.736639668652094,0.22070168913498536,0.03487119785171736
CCMAR-compatible,60,0.5217302454025528,0.03708543919356414,0.5158345115039721,0.10143854894111527,0.4967381699680832,0.06124023660764518,0.27225,0.56775,0.16,0.7095380957573584,0.22493723736625634,0.025
CCMAR-compatible,61,0.5524561317839873,0.03545844120995309,0.5463723182520719,0.07344086557029109,0.5452694110068957,0.061891214751977106,0.27125,0.56275,0.166,0.7206626498428621,0.2241101108859497,0.025010392856115823
CCMAR-compatible,62,0.5527593575285309,0.034783909562814075,0.6108696572195846,0.08044889754695696,0.6254664617929028,0.05436046518714656,0.26625,0.55825,0.1755,0.678573991893125,0.1803170463779342,0.025
CCMAR-compatible,63,0.4984705056598075,0.038082592092661044,0.48883877618618965,0.08326737384184552,0.4952296025358783,0.07039935403048002,0.26975,0.56525,0.165,0.7200049874960062,0.21333382352568042,0.0496465265784798
CCMAR-compatible,64,0.48192792500399995,0.0401206067457952,0.3339562366559422,0.13627421411194662,0.4101825583227402,0.07390361900515686,0.2575,0.569,0.1735,0.6667141519364085,0.18095910791972714,0.04491415355896432
CCMAR-compatible,65,0.5002761137932318,0.035512439401021785,0.5105331131608887,0.07637414238100192,0.512310425143707,0.05386057247825611,0.269,0.564,0.167,0.7176279686915027,0.18884618493435257,0.02647708283874826
CCMAR-compatible,66,0.5243593545309655,0.03784911816030976,0.3750972583070304,0.09251143742556292,0.4730267156403068,0.06354072709533058,0.2615,0.5625,0.176,0.6741209744007873,0.22657390768605998,0.03837205669246722
CCMAR-compatible,67,0.5340935929653552,0.03552279223430216,0.5158860298010782,0.08123999957243935,0.4950873284567512,0.06207484646099414,0.261,0.565,0.174,0.693551738109932,0.2342688603175166,0.03898883433522876
CCMAR-compatible,68,0.5001073200050343,0.034897632981675565,0.6088914548919342,0.06731658685397014,0.5599436100029246,0.04784013807851817,0.2805,0.54875,0.17075,0.6992925535442955,0.24932999440993264,0.049665342781723305
CCMAR-compatible,69,0.584741620702406,0.03612340463486514,0.8062375188031867,0.08133153213193912,0.7466127449632772,0.050195407602075734,0.272,0.548,0.18,0.712741865688784,0.25749966946248076,0.026009172966110116
CCMAR-compatible,70,0.46389899181853667,0.036669905519366226,0.37683366921859557,0.08248361935154387,0.3883477834498414,0.06147357363417749,0.27,0.564,0.166,0.6714953779221937,0.25011630329494405,0.041389187423125154
CCMAR-compatible,71,0.5531998393351965,0.03512585397586116,0.7136266886653554,0.07043034276565129,0.6479057756493776,0.050742055252407436,0.27025,0.558,0.17175,0.6969142623637956,0.23530988362439584,0.029086032388846886
CCMAR-compatible,72,0.4757748031232427,0.036632947302287056,0.4102867745887106,0.07868300314294382,0.45069185503314124,0.0604893236294251,0.2605,0.56375,0.17575,0.6521148674140801,0.21605206198531823,0.031104886046131132
CCMAR-compatible,73,0.5038348032074177,0.0396325056642508,0.5910832813642148,0.0867399614554471,0.5859724377666712,0.0653435889170623,0.271,0.5635,0.1655,0.6613955092227807,0.20563329129566815,0.04468262783720874
CCMAR-compatible,74,0.50032380534393,0.03777265505650987,0.4857072955690827,0.10016389213940144,0.5015021850900347,0.06642833367794526,0.2575,0.56325,0.17925,0.6667948612436367,0.22481482923298257,0.03037406732639763
CCMAR-compatible,75,0.5205059155209815,0.036829519013062306,0.5143819005355121,0.07590964495269317,0.5197868037492694,0.06575421670816461,0.27675,0.5515,0.17175,0.6935566577697161,0.22150455784096199,0.047012755906866904
CCMAR-compatible,76,0.49823383658234527,0.03704181893367673,0.45087067882490917,0.09101836415832765,0.4303231725285085,0.07359651309182849,0.2715,0.55725,0.17125,0.6760411275867524,0.19416295208797074,0.05541459680230669
CCMAR-compatible,77,0.5006784498399982,0.03574105534602046,0.4958800130387643,0.0963678128024358,0.4794601960470424,0.05616377793939618,0.26975,0.558,0.17225,0.7306075733498623,0.1991052170508561,0.029093871150014678
CCMAR-compatible,78,0.49389349568687224,0.03497699177127713,0.5485437152074012,0.06662475403527185,0.5483244267998149,0.05134174537739246,0.27775,0.5475,0.17475,0.6975713351028964,0.24908250428489967,0.047996355553122004
CCMAR-compatible,79,0.49293145323724796,0.03634342305180352,0.5293052388631768,0.07597743253074078,0.5182858987845621,0.058308730146786406,0.2835,0.54225,0.17425,0.675771020234442,0.22941795014377084,0.025
CCMAR-compatible,80,0.5390303568700744,0.03657350516860992,0.5404156237655884,0.09940315536747037,0.5299874849595921,0.08009436459024032,0.27,0.552,0.178,0.6999220208628657,0.22596355981732894,0.054752897269175226
CCMAR-compatible,81,0.43572758040445536,0.03703586467034769,0.45973398043309105,0.08313556601913946,0.4317242028770325,0.057090585423662674,0.269,0.55875,0.17225,0.7167648615482757,0.2665877305453704,0.04478561577352236
CCMAR-compatible,82,0.5343295484568599,0.035873337570847805,0.5232783526568323,0.0684627760911465,0.524394418528975,0.058812253210925446,0.2785,0.555,0.1665,0.6899660372752783,0.25057775541530863,0.05118796069876252
CCMAR-compatible,83,0.4885139531539505,0.03516121521163161,0.408911678199205,0.0769627467479913,0.44357810964443634,0.05313548742638444,0.2695,0.554,0.1765,0.6222138777049441,0.20482136682501334,0.057381393351080355
CCMAR-compatible,84,0.5070315712688575,0.03887352746786928,0.561808698781003,0.07461995683046577,0.5384481591564064,0.056649368448574405,0.2715,0.56325,0.16525,0.7340599807045648,0.20911469318020273,0.04929589548317797
CCMAR-compatible,85,0.49328670468322705,0.03500116811431157,0.5941841785872978,0.07535405723532597,0.6170763001132427,0.05528838715174935,0.26825,0.556,0.17575,0.6593815795474975,0.19695930199242048,0.03715677167973188
CCMAR-compatible,86,0.44312217603037507,0.036729187918827476,0.4709886542745609,0.06852052939727031,0.5033514892274711,0.05142010678706197,0.28075,0.552,0.16725,0.6365111871490418,0.227544740220048,0.04117621329175257
CCMAR-compatible,87,0.5237823417817049,0.03652460679100703,0.4553810342265826,0.10527069369365902,0.5279117411695113,0.06978119994803866,0.2715,0.5615,0.167,0.7188739988709539,0.24843288319293252,0.025
CCMAR-compatible,88,0.5607413677166191,0.036798056285367836,0.5779141848466602,0.07953369993219078,0.5929393183031614,0.06075227504325162,0.28425,0.553,0.16275,0.74756027705191,0.21621430438240577,0.06149633852549987
CCMAR-compatible,89,0.5315791443439917,0.03839631727938805,0.39809811972860304,0.07922161856117917,0.4514856615407016,0.0648590434869536,0.2725,0.5505,0.177,0.6407129743386614,0.23849211707527496,0.03850288149404406
CCMAR-compatible,90,0.47380276885886385,0.03613645490404685,0.4963134257848124,0.0951757025765874,0.4801369870300559,0.06297183038072876,0.257,0.56475,0.17825,0.6490180344110725,0.1859533218273727,0.030458037853389266
CCMAR-compatible,91,0.49437642614958544,0.037798512448870766,0.5239179571903406,0.08217227725172527,0.5341279302154917,0.06918830889504665,0.27475,0.5655,0.15975,0.7144572171712501,0.20693725143467737,0.04082312116232327
CCMAR-compatible,92,0.5612556139180352,0.038301759743920215,0.5398269091876879,0.09115842312373841,0.5141087576508642,0.06763679038268589,0.275,0.5535,0.1715,0.734028025534527,0.19355424481648126,0.04360102516537118
CCMAR-compatible,93,0.45231700356116106,0.037993903492490946,0.5489394903775058,0.09204880942193389,0.43771764153126275,0.059853104011654695,0.26525,0.55575,0.179,0.6796468976603175,0.2241436137011366,0.04085625951187479
CCMAR-compatible,94,0.45314151641929395,0.038659218140554216,0.49486530988811384,0.09531459241476387,0.480663566313317,0.06886968206140269,0.2585,0.55725,0.18425,0.7254886033238871,0.2631826368088885,0.04320453970349767
CCMAR-compatible,95,0.5062293684397055,0.039608508405825006,0.42054752371605914,0.10104835909295412,0.4525051581361475,0.06685510055720273,0.26925,0.54825,0.1825,0.7078830653949474,0.23490284205675283,0.02784850490820111
CCMAR-compatible,96,0.43925048761270363,0.037238845429911856,0.4837938214300947,0.09261574770904644,0.4606468021104874,0.0649266626580353,0.2605,0.5615,0.178,0.720657949941062,0.19755019380225414,0.039912969191021365
CCMAR-compatible,97,0.4817653074749354,0.0376216291594491,0.35535131864543623,0.09471586735376501,0.3855875543870894,0.0626784409527819,0.28,0.554,0.166,0.7092310298628136,0.2466991097911142,0.04347066964533882
CCMAR-compatible,98,0.4641329859066755,0.035374487696407185,0.5523050953390782,0.06652242374688994,0.49487705508573865,0.0534661034408546,0.2655,0.552,0.1825,0.6979030574694436,0.23800328480595992,0.045420014881769576
CCMAR-compatible,99,0.48830633026845044,0.037698645380830204,0.5622312015872208,0.08271883562019888,0.4903940935326241,0.05960122134127319,0.27575,0.5475,0.17675,0.6662524348101614,0.21308802337366248,0.04092954789322697
CCMAR-compatible,100,0.528887831151396,0.03711582134592675,0.640226148866172,0.0949791572638889,0.5729562706935234,0.06477967616494791,0.2595,0.5605,0.18,0.6440516986399577,0.19719013736972388,0.032374008092180405
Sequential-MAR,1,0.5522318348273152,0.03578405997999338,0.6021444781946681,0.07184055384090511,0.5270345712237173,0.0559939984871859,0.32575,0.50625,0.168,0.6529789483714686,0.17418922575202592,0.0482281810314588
Sequential-MAR,2,0.516958320882243,0.03805731610317925,0.5397749073220796,0.06642897058621205,0.5811774767395954,0.05812351731725161,0.321,0.5,0.179,0.6653407722483571,0.16449305302070824,0.06493095722789531
Sequential-MAR,3,0.5177961124409322,0.03617851507019068,0.796654746671323,0.11347700567389028,0.7178931459489761,0.10857757587724015,0.32025,0.51475,0.165,0.71905233031402,0.1540440798492517,0.036610475423179065
Sequential-MAR,4,0.5371000486592029,0.03650736633175148,0.41251513875325535,0.1001381436078985,0.5001919149161127,0.06540636038966492,0.3125,0.519,0.1685,0.7129600147115693,0.1554874844868808,0.025
Sequential-MAR,5,0.4872220744353129,0.03747407110913398,0.5696382708257081,0.08424449716778523,0.5695928908937304,0.06112152049744034,0.3195,0.49875,0.18175,0.7583001906926767,0.1416349874267923,0.034771655752251385
Sequential-MAR,6,0.4765779080613854,0.03668810177458485,0.4619386289995025,0.07312190871688648,0.4529260540335028,0.06128768705144023,0.3155,0.50525,0.17925,0.6929808980881619,0.16324721638904693,0.06533475896428616
Sequential-MAR,7,0.48162908031763874,0.03683803883372139,0.5270993506451513,0.08667295514348029,0.5252832120437502,0.06797095403314882,0.3085,0.52225,0.16925,0.7074510464041263,0.1434164142997573,0.025407340107349387
Sequential-MAR,8,0.49462000261198924,0.03756859185730782,0.46166210405227276,0.07757308732584484,0.5213125972077053,0.06990535793489672,0.30675,0.512,0.18125,0.6422072167039687,0.09784352767352279,0.028009689685164384
Sequential-MAR,9,0.48268064175335396,0.03658849364614772,0.5154172210382272,0.08008861990479713,0.4765371382660164,0.059906778749391806,0.31175,0.518,0.17025,0.6748840340445996,0.13261889482703773,0.025
Sequential-MAR,10,0.4855696091109982,0.03850387603681263,0.3855082047033391,0.08250404070148641,0.4493529179195117,0.06169453839578631,0.3125,0.51875,0.16875,0.7006412843000306,0.15114408496372464,0.025
Sequential-MAR,11,0.487186661060603,0.03725594439967242,0.5203511828995177,0.0725667143345602,0.49128859811889375,0.059134589153820985,0.31525,0.50525,0.1795,0.6892147594054993,0.15804657002600064,0.05479370416739957
Sequential-MAR,12,0.45936488124278424,0.03656679135277452,0.4841384317662961,0.06805877141088626,0.48166139421721643,0.05643472156592351,0.32275,0.509,0.16825,0.651764912115059,0.14183151070914646,0.04133288651878433
Sequential-MAR,13,0.4915138939891583,0.037925232518966345,0.4527327269353553,0.07192967168305252,0.48167335279250245,0.06611882991302255,0.31525,0.51575,0.169,0.7136081858444467,0.12166692054083389,0.03876282126135042
Sequential-MAR,14,0.5024792677531607,0.0357334519710883,0.5789281414996212,0.10518728363000908,0.554550967812831,0.062033733813124596,0.3155,0.5145,0.17,0.6744971915797052,0.16548671917891672,0.025
Sequential-MAR,15,0.46824739796616455,0.03482544232614263,0.5509355387515918,0.07868978582751042,0.4267198067571089,0.05375400529613332,0.317,0.50175,0.18125,0.7437672038080035,0.17575557545122383,0.0402342010418456
Sequential-MAR,16,0.4536746873439978,0.03759365685488445,0.38050988785731255,0.07249644345385901,0.40271362705616176,0.054650071441992014,0.321,0.50225,0.17675,0.7071968463874783,0.14289392642862445,0.025
Sequential-MAR,17,0.44042767324282034,0.037282966058371614,0.3490691194789125,0.08938667990625937,0.3912768834739993,0.058997528457289936,0.31425,0.522,0.16375,0.7238692915334414,0.14317766323217015,0.03404957476256928
Sequential-MAR,18,0.4963280216027659,0.03762356712590404,0.7154918345769896,0.0818746566230799,0.7017654690759577,0.07928793204037993,0.31375,0.513,0.17325,0.7098159880772325,0.14839571686226194,0.03758533249533273
Sequential-MAR,19,0.5143601199263824,0.03645200068045931,0.4579147361111256,0.08138743005256946,0.426116406946957,0.05673413167361372,0.322,0.5155,0.1625,0.7126767905408743,0.13394714731607707,0.0396047207639177
Sequential-MAR,20,0.4163544957575541,0.03818504767714922,0.35404807676266953,0.06738892994019083,0.39715145398633056,0.06140585933476734,0.32575,0.49825,0.176,0.6566555656153602,0.1752577466775759,0.051342561487978694
Sequential-MAR,21,0.5052488416833507,0.038373756466535375,0.4823889743159009,0.07678054415866994,0.46520631461719414,0.06846217850275077,0.33325,0.504,0.16275,0.6247911969416129,0.14827245473323694,0.04730439420989604
Sequential-MAR,22,0.49958771812268166,0.03723092969034501,0.48009544961422146,0.08007275705992245,0.5188175610880766,0.067351242635154,0.30825,0.52375,0.168,0.6872921564661347,0.1381032082727206,0.03908276018577815
Sequential-MAR,23,0.5122223291377581,0.03738633926226132,0.4875753967813611,0.08143722921728595,0.5411685843585728,0.06310170315843623,0.31575,0.5075,0.17675,0.7212541082040983,0.16274353169788397,0.07250544132872765
Sequential-MAR,24,0.4857147676278815,0.038006606338311225,0.4647704202709505,0.08842301740061946,0.45775593290793587,0.05711024547489922,0.32525,0.503,0.17175,0.6862277018461518,0.13507693887654498,0.04177212344466718
Sequential-MAR,25,0.4909411469647115,0.0350774316276569,0.5825995234107384,0.07688167757910977,0.4800833243603336,0.060077160286440626,0.3255,0.50375,0.17075,0.6890731519136563,0.19299558324286875,0.037747478128325816
Sequential-MAR,26,0.5128208669016702,0.03741855611764242,0.5564253503980124,0.07306949868489532,0.5209615308244463,0.05461174556608715,0.314,0.508,0.178,0.7167791562305554,0.1464364572203827,0.03417244081799415
Sequential-MAR,27,0.446892457352678,0.038199724524597,0.4801306382306954,0.08334842780746692,0.4703747273612464,0.06846016313249806,0.31225,0.50525,0.1825,0.6874611268025063,0.10578969429242115,0.03282595002883298
Sequential-MAR,28,0.527843771608424,0.03930582056162623,0.42873839706696654,0.07645377021869486,0.42797553996625787,0.05584431230842315,0.3125,0.507,0.1805,0.6250191860884532,0.15400425972562792,0.04296408437923693
Sequential-MAR,29,0.48680119657314624,0.03607963711412839,0.5248275578690303,0.0718100759811569,0.5353917546545593,0.05945542761987214,0.3115,0.5025,0.186,0.6975366507240501,0.1461423447870318,0.03402864894230615
Sequential-MAR,30,0.48481458990199794,0.03735634856016319,0.44823285058628176,0.06650528986225394,0.47036008623749764,0.05573690124964726,0.319,0.50625,0.17475,0.6468372493523384,0.16693869499262,0.030686520648014116
Sequential-MAR,31,0.5473336250876852,0.03473253429239579,0.6369500833369781,0.08884366428274093,0.6276094507519727,0.06789162900201524,0.31525,0.51025,0.1745,0.663650475791079,0.10571998070074062,0.025
Sequential-MAR,32,0.40909956976777084,0.037267004849230546,0.4306305929088544,0.07689385177652937,0.42493059280713497,0.05859848776933594,0.31325,0.5225,0.16425,0.7790528306256244,0.13481972724898586,0.04005720440039093
Sequential-MAR,33,0.5601174705664543,0.035321464283599925,0.5074461024243766,0.0758705012171959,0.5307125881048496,0.07369150438112372,0.313,0.51625,0.17075,0.6788523667511024,0.13640150343011978,0.03547180128604419
Sequential-MAR,34,0.48181474222664433,0.03626454112267389,0.39256961242300703,0.09792562533017367,0.42148692122459774,0.05938024184728303,0.321,0.50675,0.17225,0.6525319334054315,0.15913973397878192,0.025
Sequential-MAR,35,0.5034068597372261,0.036999812164617646,0.45811953802459754,0.0734920316489011,0.45183886585677574,0.05733580519633928,0.31275,0.512,0.17525,0.6966943897800646,0.12859018826253718,0.025
Sequential-MAR,36,0.5324692065181278,0.03893403641699424,0.5581308357876871,0.07607323917089673,0.560313262032043,0.07631856949803505,0.307,0.5215,0.1715,0.713648958538139,0.13922443843324225,0.04501105567476873
Sequential-MAR,37,0.5747248396530173,0.03592770912134249,0.6398119936475211,0.06613729731755255,0.6950793749057035,0.05084530913274257,0.317,0.50225,0.18075,0.7035749600239486,0.14429211780501883,0.034141445614385826
Sequential-MAR,38,0.4939746351699934,0.03700681659919623,0.4755195027471473,0.06699123711407229,0.5111733559009741,0.05203299675096596,0.31975,0.513,0.16725,0.6665076209074007,0.14369325101794178,0.031202421932601712
Sequential-MAR,39,0.5180975891006715,0.03580201252149832,0.5569006879333058,0.16456234396067154,0.5338601978045783,0.060058477382365416,0.30475,0.5255,0.16975,0.7403371294366972,0.14026977257344764,0.025
Sequential-MAR,40,0.43698118514146833,0.034447462614465345,0.43543000846246543,0.07296313077400467,0.39180131088339804,0.05121031859219684,0.31625,0.5065,0.17725,0.650419987757978,0.1617842080866127,0.039922829727586935
Sequential-MAR,41,0.45516622489160646,0.03883548356965207,0.42563807369926293,0.074992819085132,0.44365499894007104,0.06002120750281224,0.3185,0.5125,0.169,0.6671515899599666,0.11655802780867278,0.058349164298329426
Sequential-MAR,42,0.4945410272819936,0.0362410731340312,0.4072375037690719,0.0828664416892295,0.44377073056170907,0.06411382908817102,0.314,0.51275,0.17325,0.6626777366428965,0.10005277079764395,0.05275190538882946
Sequential-MAR,43,0.5492029575425104,0.03492762038074464,0.5321747571134131,0.07419478641183204,0.4990761249663407,0.05962461791987379,0.306,0.514,0.18,0.6545941128391622,0.15586692609523795,0.025
Sequential-MAR,44,0.4371831375277427,0.037399012427577975,0.4811466546179945,0.07288623837779962,0.49005767209536416,0.06454912323935545,0.308,0.5115,0.1805,0.6909398953209346,0.12848768555100926,0.05992191403555057
Sequential-MAR,45,0.4887159527093481,0.0362804821419294,0.4791625975592848,0.07421369952001956,0.44628193703823477,0.052578109347058276,0.323,0.5115,0.1655,0.7186819545697262,0.1556964661884466,0.05459451335606734
Sequential-MAR,46,0.4922403071644961,0.036453451700967456,0.5076064878789662,0.07482994582743349,0.5463792688752988,0.05395669890379268,0.327,0.509,0.164,0.7264190494301761,0.1910141837203554,0.05144769084680986
Sequential-MAR,47,0.4754576571111936,0.03892605017334907,0.39337859408013065,0.08939226636689059,0.43406514114112454,0.06609674366397988,0.32225,0.505,0.17275,0.6357356365581375,0.13272864242955493,0.025
Sequential-MAR,48,0.5341177475026733,0.03659511333815185,0.5698362344378708,0.08158937002016643,0.5814358025068058,0.057436683316118904,0.3235,0.5015,0.175,0.6770678263792678,0.1573252836444222,0.025
Sequential-MAR,49,0.4556417282164337,0.03910570867825469,0.5350384672626673,0.08651781604103609,0.44116571611751126,0.07191871177821503,0.308,0.52425,0.16775,0.6771915804794847,0.15979821842395525,0.042744534798575984
Sequential-MAR,50,0.507717717520498,0.034938922915182184,0.4569967207654714,0.08186934979816785,0.5379026144415465,0.05810151237384283,0.3275,0.5035,0.169,0.6176346249679643,0.17116733031106046,0.05480349257771783
Sequential-MAR,51,0.5325861323113988,0.03606361631407934,0.47328892913252163,0.07477506329179708,0.4878395017199585,0.06352390577737972,0.3235,0.50375,0.17275,0.6767840211680038,0.1678314538658827,0.025
Sequential-MAR,52,0.4853634505109992,0.035964942582022666,0.4456025471124958,0.08024737519701951,0.4029125283568984,0.0653787368235178,0.31,0.51525,0.17475,0.642583613010829,0.16757468647983315,0.04898222112248563
Sequential-MAR,53,0.4770413045372633,0.03593816176886992,0.5177681559921701,0.07449393038550119,0.4645958761200386,0.0619123727558563,0.30525,0.53175,0.163,0.6844245521368957,0.15329401256411782,0.032941035505505374
Sequential-MAR,54,0.4552021287523105,0.04005238403144733,0.48835850808998305,0.07072672095487882,0.4370373621567581,0.061077328543829655,0.3215,0.509,0.1695,0.7384487019976403,0.14574036874479124,0.05569767044444366
Sequential-MAR,55,0.5220452095732842,0.036260826314239686,0.5275086194638497,0.05793167899660863,0.5012780185928268,0.051361953349528054,0.31325,0.52175,0.165,0.7221987051918429,0.16539247110019195,0.061099803903531404
Sequential-MAR,56,0.45171966899772215,0.03770795395309296,0.46692592497575935,0.08049335702007429,0.47368220375083364,0.06014375137860706,0.31775,0.513,0.16925,0.6676306782009126,0.133338271742005,0.02953554130476691
Sequential-MAR,57,0.5366534315464456,0.03918591927127349,0.4936322499537215,0.06831307581245163,0.5518878332779243,0.055877214295315586,0.3075,0.50925,0.18325,0.6577535783252376,0.12253046854119727,0.033206028456978294
Sequential-MAR,58,0.49159742808725393,0.03766741368367125,0.513618938617691,0.07035124792628887,0.523300920454501,0.06608307072955243,0.314,0.51125,0.17475,0.6480851369776437,0.13913492483902135,0.047010762964191925
Sequential-MAR,59,0.5181097755139487,0.038054302103040664,0.5099169950889619,0.08082363535504608,0.49420632053345004,0.05723832617168691,0.322,0.5075,0.1705,0.673845638289356,0.12755129705074028,0.025
Sequential-MAR,60,0.5051516115695054,0.035901684658486054,0.3547967646553112,0.072223112114143,0.4338059069906684,0.07016780080956228,0.3215,0.5145,0.164,0.7266186168793545,0.12214867394226012,0.04712146809254516
Sequential-MAR,61,0.5100998289821052,0.03682189826587218,0.5487891519183019,0.06606905243692329,0.5273795350825401,0.05661051235681676,0.3245,0.50525,0.17025,0.6171382851617944,0.13950527943060295,0.03772310766668838
Sequential-MAR,62,0.5103332924779196,0.038945305183928455,0.6568045911529072,0.09834007517370999,0.49037016247665355,0.07011250159076142,0.31825,0.50325,0.1785,0.6088044826349772,0.17262037583444653,0.05064456744071921
Sequential-MAR,63,0.4529269694356926,0.03726138134596516,0.5612234920288943,0.0724981924928089,0.4729751417246737,0.055958291617186295,0.31775,0.5125,0.16975,0.6572920782526153,0.1456471401806135,0.03748279269947269
Sequential-MAR,64,0.4903509845539055,0.03898788760577698,0.39750607935343046,0.07508485420379366,0.38403144786012755,0.06265266635545781,0.319,0.50775,0.17325,0.7048455582979314,0.1558208593648907,0.053407436204804336
Sequential-MAR,65,0.536159264773213,0.03521915891547319,0.6164148867990586,0.08656558388238972,0.5165256556861997,0.053356076651225534,0.31525,0.4995,0.18525,0.624876829473406,0.16836670669739998,0.025
Sequential-MAR,66,0.4284634749446036,0.03560619908035407,0.4002175688975688,0.0636006938725836,0.35276433911439914,0.05319628859527745,0.3085,0.52475,0.16675,0.6740930013729188,0.1369007381631546,0.037110228780230445
Sequential-MAR,67,0.5370249496305006,0.03887612684913771,0.5099439268291243,0.07474569422754843,0.5152890882342224,0.06124409183929116,0.31175,0.51225,0.176,0.616199298038867,0.12701848404317118,0.026229877128966305
Sequential-MAR,68,0.5015942325635087,0.036652981646031035,0.4758206675353289,0.07064615650409461,0.5190608264111983,0.06080375351171993,0.3145,0.51825,0.16725,0.7070510715617341,0.11288853945283246,0.029105141783614223
Sequential-MAR,69,0.5158700813458472,0.03861698701473387,0.6022789139024645,0.07477280584268348,0.5256692944388753,0.054722485098396605,0.31325,0.5215,0.16525,0.6897805095493704,0.15602589606274156,0.044911515008146594
Sequential-MAR,70,0.5032284494066153,0.038325616559447516,0.5359028389202011,0.08402302229970773,0.5887237674275378,0.05928967803810776,0.317,0.51525,0.16775,0.6492439891131525,0.1358046480921931,0.03318438835828378
Sequential-MAR,71,0.492333494459276,0.035016230025499036,0.5279645928548011,0.07627707111876308,0.4557625882033136,0.055225758084933935,0.316,0.51275,0.17125,0.6959120832145925,0.17483418812775256,0.03011271366108134
Sequential-MAR,72,0.46327913894908485,0.03869811005921509,0.4849331698115329,0.06502246671363658,0.5066583669647741,0.055011503364336474,0.314,0.50875,0.17725,0.7144535623446205,0.17500772966226097,0.03750911517010674
Sequential-MAR,73,0.47788374866742245,0.0366808551840001,0.5170100588613642,0.07233186054469123,0.41803688376439474,0.05719019974049583,0.3065,0.51875,0.17475,0.670040546698813,0.1295238019889432,0.025
Sequential-MAR,74,0.5182437702633553,0.03744735816588144,0.47688293533392223,0.06693307698956255,0.4974184592072825,0.053850133442724823,0.3185,0.50925,0.17225,0.6261882018664454,0.16869402427942515,0.02971037717608231
Sequential-MAR,75,0.5212430078044293,0.037117957643321896,0.46857838214883224,0.08759537944556862,0.4261381438065209,0.05712354737787942,0.32225,0.511,0.16675,0.6812225154664767,0.13821474574732526,0.046349013548908094
Sequential-MAR,76,0.4520247310574029,0.03654335261946183,0.42961090607596675,0.07364675003570226,0.41408093348265096,0.0729605498215981,0.299,0.53275,0.16825,0.6986165615822582,0.12634777474868567,0.027055019589789744
Sequential-MAR,77,0.5540259481343703,0.03583043489713456,0.5159884187980404,0.05995951458028109,0.5720683698320372,0.059219287389072166,0.32025,0.50875,0.171,0.6688732177704205,0.14911418656565661,0.0513488102522259
Sequential-MAR,78,0.5243652110370267,0.03774603408658961,0.5169470646391271,0.08969893995546124,0.5428850990888214,0.05671202684812496,0.312,0.50775,0.18025,0.6692677924926419,0.1436234761415021,0.025
Sequential-MAR,79,0.5539366441512769,0.0355990462072883,0.6504222684585609,0.08260036218998999,0.6147910943321274,0.05253255582799957,0.31025,0.5135,0.17625,0.7287492227329496,0.12793839082079303,0.0437623875985451
Sequential-MAR,80,0.543494304423689,0.03861845198377462,0.4606962456832431,0.08874451946525118,0.5373170483849252,0.06930143867948205,0.30625,0.52175,0.172,0.6815120317283927,0.15669700698573502,0.047943115706722494
Sequential-MAR,81,0.5101268233223648,0.03659164127860869,0.5417228371878946,0.0896679399821987,0.46093680764085704,0.06112261002644668,0.30975,0.50675,0.1835,0.6461682279870717,0.15284764125025613,0.025
Sequential-MAR,82,0.48434066414310656,0.03635840225751566,0.44217378102742133,0.06641122113167366,0.47227832830722466,0.05935847596973045,0.3285,0.50325,0.16825,0.6993841467496575,0.1349794062956838,0.04978251124543572
Sequential-MAR,83,0.49458661064876686,0.03615644631166382,0.5048239119138175,0.07498230051548455,0.5325109418356405,0.07031403204604171,0.30725,0.51525,0.1775,0.619261841004123,0.11931364155189299,0.033590220393773816
Sequential-MAR,84,0.5705112979686688,0.037193570199610955,0.6311563651366771,0.069395358661017,0.5982700800309847,0.0569832684551083,0.3195,0.512,0.1685,0.6443552014139292,0.1319756436777165,0.037905274534564284
Sequential-MAR,85,0.47067442654940045,0.03636478387110042,0.45603811890697976,0.06723716824108299,0.43140368728345735,0.06638428858133782,0.30775,0.52125,0.171,0.713735251925886,0.15025996455236632,0.02742435251449603
Sequential-MAR,86,0.4765353357302583,0.037511217776120306,0.46943536958477816,0.07100006452346642,0.5218651201036599,0.05530170571708806,0.32825,0.50775,0.164,0.6567730640939781,0.16781130630596522,0.03755963047146628
Sequential-MAR,87,0.5009734354250889,0.041529225308218065,0.4689592112825251,0.13617430822664173,0.4982039608534707,0.07527871749011422,0.30925,0.521,0.16975,0.7310689514713976,0.1587410566302956,0.053297280908498994
Sequential-MAR,88,0.5264984857991303,0.034942993951724906,0.5230553594104826,0.09311301484976445,0.5155619911489231,0.06230294819819184,0.30975,0.51325,0.177,0.6705770897308921,0.12470274157339806,0.054885891270364466
Sequential-MAR,89,0.46608743865124985,0.03601500519941553,0.44294373146067373,0.07178194831315562,0.4376461574215063,0.060853835717490666,0.31325,0.52175,0.165,0.7310316628016071,0.15545889437116614,0.058355305842238504
Sequential-MAR,90,0.5251713784385315,0.03818030600743211,0.5655537668316534,0.07020698388812344,0.5418567944979656,0.057957229884898265,0.31,0.50875,0.18125,0.6579261374897641,0.14291910563840757,0.031243547487629555
Sequential-MAR,91,0.5271416131088831,0.03649850548459832,0.5994459824677151,0.06117400937473478,0.5825267467549268,0.05564461276139279,0.32925,0.48975,0.181,0.7344978688986467,0.1611801676944875,0.05194394796454857
Sequential-MAR,92,0.516641648629304,0.03725985099763309,0.592261726848608,0.09127885707996608,0.547010274231064,0.06971658879441198,0.32025,0.50925,0.1705,0.6258864915669868,0.16734109373629136,0.029465518031361316
Sequential-MAR,93,0.4603936626448334,0.03600317644486935,0.45720594172443374,0.06419452590020495,0.48478568033029185,0.05716549167689916,0.319,0.50875,0.17225,0.7196163403793812,0.1366810285079632,0.04639211627511268
Sequential-MAR,94,0.4393238641631834,0.03670236264185135,0.3624543619997871,0.06501477626607359,0.4172766709930153,0.056544138161681266,0.3225,0.499,0.1785,0.7012582519630176,0.14971944523324962,0.028991183789007776
Sequential-MAR,95,0.5639622461487882,0.03665099852932829,0.618842239179014,0.0725869955457446,0.5820281145089213,0.05772987563116835,0.311,0.52075,0.16825,0.6497397814684975,0.1357906430675692,0.052929486775538034
Sequential-MAR,96,0.5446248146728739,0.03999749309458256,0.5475409755109084,0.07899024947711018,0.5155127937948817,0.07133441640449516,0.323,0.49225,0.18475,0.6718010781665875,0.1829904273843614,0.04355777506521613
Sequential-MAR,97,0.5072982987789455,0.0378233349287849,0.5574999164472856,0.07674797249408562,0.5320419006121927,0.05994503033362766,0.31325,0.521,0.16575,0.6928379102872771,0.1648313731833652,0.05193288805569354
Sequential-MAR,98,0.5038350143458247,0.03860412234759337,0.44659091831894654,0.07926932698078344,0.40448187920809553,0.07252638873737348,0.321,0.50825,0.17075,0.7189876074231623,0.15505441421740562,0.039016368833694234
Sequential-MAR,99,0.5662967304730123,0.03754181212303537,0.5258888498850831,0.06871632182076755,0.5551487779912306,0.05605105565421786,0.32275,0.51,0.16725,0.7174058915381307,0.14604747987945532,0.025
Sequential-MAR,100,0.508773843948437,0.03728743337873822,0.5504407193717552,0.07253463342202048,0.47648524877148446,0.06075835634402587,0.30975,0.5285,0.16175,0.6664346084789294,0.13677359774946854,0.03885626653216708
